Category Tree,CategoryID
/eBay Motors/Parts & Accessories/Car & Truck Parts & Accessories/Other Car & Truck Parts & Accessories,9886
/eBay Motors/Parts & Accessories/Car & Truck Parts & Accessories/Accessory Belts/Belts,262060
/eBay Motors/Parts & Accessories/Car & Truck Parts & Accessories/Accessory Belts/Idlers & Tensioners,262061
/eBay Motors/Parts & Accessories/Car & Truck Parts & Accessories/Accessory Belts/Pulleys,262062
/eBay Motors/Parts & Accessories/Car & Truck Parts & Accessories/Accessory Belts/Other Belt Parts,262063
/eBay Motors/Parts & Accessories/Car & Truck Parts & Accessories/Advanced Driver Assistance Systems/ADAS Control Modules,262066
/eBay Motors/Parts & Accessories/Car & Truck Parts & Accessories/Advanced Driver Assistance Systems/Alert & Warning Devices,262065
/eBay Motors/Parts & Accessories/Car & Truck Parts & Accessories/Advanced Driver Assistance Systems/Cruise Control Components,38728
/eBay Motors/Parts & Accessories/Car & Truck Parts & Accessories/Advanced Driver Assistance Systems/Lidar & Radar Sensors,262067
/eBay Motors/Parts & Accessories/Car & Truck Parts & Accessories/Advanced Driver Assistance Systems/Parking Assistance,258037
/eBay Motors/Parts & Accessories/Car & Truck Parts & Accessories/Advanced Driver Assistance Systems/Visible Cameras,262068
/eBay Motors/Parts & Accessories/Car & Truck Parts & Accessories/Advanced Driver Assistance Systems/Other Advanced Driver Assistance Systems,262069
/eBay Motors/Parts & Accessories/Car & Truck Parts & Accessories/Air & Fuel Delivery/Air Filters,33659
/eBay Motors/Parts & Accessories/Car & Truck Parts & Accessories/Air & Fuel Delivery/Air Filter Housings,43946
/eBay Motors/Parts & Accessories/Car & Truck Parts & Accessories/Air & Fuel Delivery/Air Intake & Fuel Sensors,33557
/eBay Motors/Parts & Accessories/Car & Truck Parts & Accessories/Air & Fuel Delivery/Carburetors,33550
/eBay Motors/Parts & Accessories/Car & Truck Parts & Accessories/Air & Fuel Delivery/Carburetor Parts,33551
/eBay Motors/Parts & Accessories/Car & Truck Parts & Accessories/Air & Fuel Delivery/Fuel Filters,33660
/eBay Motors/Parts & Accessories/Car & Truck Parts & Accessories/Air & Fuel Delivery/Fuel Injection Parts,262070
/eBay Motors/Parts & Accessories/Car & Truck Parts & Accessories/Air & Fuel Delivery/Fuel Pumps & Sending Units,33555
/eBay Motors/Parts & Accessories/Car & Truck Parts & Accessories/Air & Fuel Delivery/Fuel Tank Caps,262072
/eBay Motors/Parts & Accessories/Car & Truck Parts & Accessories/Air & Fuel Delivery/Fuel Tanks & Filler Necks,33556
"/eBay Motors/Parts & Accessories/Car & Truck Parts & Accessories/Air & Fuel Delivery/Gaskets, Seals & O-Rings",33668
"/eBay Motors/Parts & Accessories/Car & Truck Parts & Accessories/Air & Fuel Delivery/Hoses, Lines & Pipes",173950
/eBay Motors/Parts & Accessories/Car & Truck Parts & Accessories/Air & Fuel Delivery/Intake Manifolds,36474
/eBay Motors/Parts & Accessories/Car & Truck Parts & Accessories/Air & Fuel Delivery/Throttle Bodies,33558
/eBay Motors/Parts & Accessories/Car & Truck Parts & Accessories/Air & Fuel Delivery/Throttle Cables & Linkages,61259
"/eBay Motors/Parts & Accessories/Car & Truck Parts & Accessories/Air & Fuel Delivery/Turbos, Superchargers & Intercoolers",174107
/eBay Motors/Parts & Accessories/Car & Truck Parts & Accessories/Air & Fuel Delivery/Vacuum Pumps,33626
/eBay Motors/Parts & Accessories/Car & Truck Parts & Accessories/Air & Fuel Delivery/Other Air & Fuel Delivery,42604
/eBay Motors/Parts & Accessories/Car & Truck Parts & Accessories/Air Conditioning & Heating/A/C Compressors & Clutches,33543
/eBay Motors/Parts & Accessories/Car & Truck Parts & Accessories/Air Conditioning & Heating/A/C Condensers,61864
/eBay Motors/Parts & Accessories/Car & Truck Parts & Accessories/Air Conditioning & Heating/A/C Evaporators,33547
/eBay Motors/Parts & Accessories/Car & Truck Parts & Accessories/Air Conditioning & Heating/A/C Expansion Valves,262074
/eBay Motors/Parts & Accessories/Car & Truck Parts & Accessories/Air Conditioning & Heating/A/C Hoses & Fittings,33544
/eBay Motors/Parts & Accessories/Car & Truck Parts & Accessories/Air Conditioning & Heating/A/C Pressure Switches,262075
/eBay Motors/Parts & Accessories/Car & Truck Parts & Accessories/Air Conditioning & Heating/A/C Receiver Dryers & Accumulators,262076
/eBay Motors/Parts & Accessories/Car & Truck Parts & Accessories/Air Conditioning & Heating/Blowers & Fans,262077
/eBay Motors/Parts & Accessories/Car & Truck Parts & Accessories/Air Conditioning & Heating/Cabin Air Filters,61117
/eBay Motors/Parts & Accessories/Car & Truck Parts & Accessories/Air Conditioning & Heating/Heater Control Valves,262080
/eBay Motors/Parts & Accessories/Car & Truck Parts & Accessories/Air Conditioning & Heating/Heater Cores,262081
/eBay Motors/Parts & Accessories/Car & Truck Parts & Accessories/Air Conditioning & Heating/HVAC Control Unit Parts,262082
/eBay Motors/Parts & Accessories/Car & Truck Parts & Accessories/Air Conditioning & Heating/HVAC Controls & Control Units,33545
/eBay Motors/Parts & Accessories/Car & Truck Parts & Accessories/Air Conditioning & Heating/HVAC Temperature Sensors,173863
/eBay Motors/Parts & Accessories/Car & Truck Parts & Accessories/Air Conditioning & Heating/HVAC Vent Actuators,262083
/eBay Motors/Parts & Accessories/Car & Truck Parts & Accessories/Air Conditioning & Heating/Other Air Conditioning & Heating,46094
/eBay Motors/Parts & Accessories/Car & Truck Parts & Accessories/Brakes & Brake Parts/ABS & Stability Hydraulic Units,262084
/eBay Motors/Parts & Accessories/Car & Truck Parts & Accessories/Brakes & Brake Parts/ABS Control Modules,262085
/eBay Motors/Parts & Accessories/Car & Truck Parts & Accessories/Brakes & Brake Parts/ABS Speed Sensors,262086
/eBay Motors/Parts & Accessories/Car & Truck Parts & Accessories/Brakes & Brake Parts/Additional ABS Parts,33560
/eBay Motors/Parts & Accessories/Car & Truck Parts & Accessories/Brakes & Brake Parts/Brake Boosters,174021
/eBay Motors/Parts & Accessories/Car & Truck Parts & Accessories/Brakes & Brake Parts/Brake Cables,33568
/eBay Motors/Parts & Accessories/Car & Truck Parts & Accessories/Brakes & Brake Parts/Brake Component Kits,173511
/eBay Motors/Parts & Accessories/Car & Truck Parts & Accessories/Brakes & Brake Parts/Brake Disc Rotors,33564
/eBay Motors/Parts & Accessories/Car & Truck Parts & Accessories/Brakes & Brake Parts/Brake Drums,33565
"/eBay Motors/Parts & Accessories/Car & Truck Parts & Accessories/Brakes & Brake Parts/Brake Hoses, Lines & Fittings",33561
/eBay Motors/Parts & Accessories/Car & Truck Parts & Accessories/Brakes & Brake Parts/Brake Pads,57357
/eBay Motors/Parts & Accessories/Car & Truck Parts & Accessories/Brakes & Brake Parts/Brake Shoes,61739
/eBay Motors/Parts & Accessories/Car & Truck Parts & Accessories/Brakes & Brake Parts/Brake Pad & Shoe Hardware,262087
/eBay Motors/Parts & Accessories/Car & Truck Parts & Accessories/Brakes & Brake Parts/Brake Pad Wear Sensors,174020
/eBay Motors/Parts & Accessories/Car & Truck Parts & Accessories/Brakes & Brake Parts/Additional Brake Sensors & Switches,262088
/eBay Motors/Parts & Accessories/Car & Truck Parts & Accessories/Brakes & Brake Parts/Brake Relays,262089
/eBay Motors/Parts & Accessories/Car & Truck Parts & Accessories/Brakes & Brake Parts/Calipers & Brackets,33563
/eBay Motors/Parts & Accessories/Car & Truck Parts & Accessories/Brakes & Brake Parts/Master Cylinders,33566
/eBay Motors/Parts & Accessories/Car & Truck Parts & Accessories/Brakes & Brake Parts/Rebuild Kits & Parts,262090
/eBay Motors/Parts & Accessories/Car & Truck Parts & Accessories/Brakes & Brake Parts/Reservoirs & Caps,262091
/eBay Motors/Parts & Accessories/Car & Truck Parts & Accessories/Brakes & Brake Parts/Wheel Cylinders,33571
"/eBay Motors/Parts & Accessories/Car & Truck Parts & Accessories/Brakes & Brake Parts/Wires, Cables & Connectors",262092
/eBay Motors/Parts & Accessories/Car & Truck Parts & Accessories/Brakes & Brake Parts/Other Brake Parts,42605
"/eBay Motors/Parts & Accessories/Car & Truck Parts & Accessories/Electric, Hybrid & PHEV Specific Parts/Air Conditioner Compressors",262093
"/eBay Motors/Parts & Accessories/Car & Truck Parts & Accessories/Electric, Hybrid & PHEV Specific Parts/Batteries, BMS & Fuel Cells",262094
"/eBay Motors/Parts & Accessories/Car & Truck Parts & Accessories/Electric, Hybrid & PHEV Specific Parts/Charging Units",262098
"/eBay Motors/Parts & Accessories/Car & Truck Parts & Accessories/Electric, Hybrid & PHEV Specific Parts/Charging Components",262101
"/eBay Motors/Parts & Accessories/Car & Truck Parts & Accessories/Electric, Hybrid & PHEV Specific Parts/Control Modules",177705
"/eBay Motors/Parts & Accessories/Car & Truck Parts & Accessories/Electric, Hybrid & PHEV Specific Parts/Conversion Kits",177707
"/eBay Motors/Parts & Accessories/Car & Truck Parts & Accessories/Electric, Hybrid & PHEV Specific Parts/Converters & Inverters",177706
"/eBay Motors/Parts & Accessories/Car & Truck Parts & Accessories/Electric, Hybrid & PHEV Specific Parts/Cooling Components",262107
"/eBay Motors/Parts & Accessories/Car & Truck Parts & Accessories/Electric, Hybrid & PHEV Specific Parts/Drivetrain Motors & Parts",262111
"/eBay Motors/Parts & Accessories/Car & Truck Parts & Accessories/Electric, Hybrid & PHEV Specific Parts/High Voltage Circuit Fuses & Breakers",262113
"/eBay Motors/Parts & Accessories/Car & Truck Parts & Accessories/Electric, Hybrid & PHEV Specific Parts/Relays & Contactors",262114
"/eBay Motors/Parts & Accessories/Car & Truck Parts & Accessories/Electric, Hybrid & PHEV Specific Parts/Switches",262115
"/eBay Motors/Parts & Accessories/Car & Truck Parts & Accessories/Electric, Hybrid & PHEV Specific Parts/Wiring Harnesses, Cables & Connectors",262116
"/eBay Motors/Parts & Accessories/Car & Truck Parts & Accessories/Electric, Hybrid & PHEV Specific Parts/Other Electric, Hybrid & PHEV Specific Parts",177709
/eBay Motors/Parts & Accessories/Car & Truck Parts & Accessories/Engine Cooling Components/Caps,262117
/eBay Motors/Parts & Accessories/Car & Truck Parts & Accessories/Engine Cooling Components/Clamps & Hardware,262118
/eBay Motors/Parts & Accessories/Car & Truck Parts & Accessories/Engine Cooling Components/Coolant Hoses,33601
/eBay Motors/Parts & Accessories/Car & Truck Parts & Accessories/Engine Cooling Components/Engine Oil Coolers & Lines,46095
/eBay Motors/Parts & Accessories/Car & Truck Parts & Accessories/Engine Cooling Components/Expansion & Overflow Tanks,174030
/eBay Motors/Parts & Accessories/Car & Truck Parts & Accessories/Engine Cooling Components/Fan & Shroud Assemblies,33600
/eBay Motors/Parts & Accessories/Car & Truck Parts & Accessories/Engine Cooling Components/Fan Blades,262119
/eBay Motors/Parts & Accessories/Car & Truck Parts & Accessories/Engine Cooling Components/Fan Clutches,262120
/eBay Motors/Parts & Accessories/Car & Truck Parts & Accessories/Engine Cooling Components/Fan Motors,262121
"/eBay Motors/Parts & Accessories/Car & Truck Parts & Accessories/Engine Cooling Components/Gaskets, Seals & O-Rings",262122
/eBay Motors/Parts & Accessories/Car & Truck Parts & Accessories/Engine Cooling Components/Radiators,33602
/eBay Motors/Parts & Accessories/Car & Truck Parts & Accessories/Engine Cooling Components/Temperature Sensors,262123
/eBay Motors/Parts & Accessories/Car & Truck Parts & Accessories/Engine Cooling Components/Thermostats & Housings,33603
/eBay Motors/Parts & Accessories/Car & Truck Parts & Accessories/Engine Cooling Components/Water Pumps,33604
/eBay Motors/Parts & Accessories/Car & Truck Parts & Accessories/Engine Cooling Components/Other Engine Cooling Components,46096
/eBay Motors/Parts & Accessories/Car & Truck Parts & Accessories/Engines & Engine Parts/Connecting Rods & Parts,262124
/eBay Motors/Parts & Accessories/Car & Truck Parts & Accessories/Engines & Engine Parts/Crankshafts,33616
/eBay Motors/Parts & Accessories/Car & Truck Parts & Accessories/Engines & Engine Parts/Cylinder Heads,33617
/eBay Motors/Parts & Accessories/Car & Truck Parts & Accessories/Engines & Engine Parts/Engines,33615
/eBay Motors/Parts & Accessories/Car & Truck Parts & Accessories/Engines & Engine Parts/Engine Bearings,33619
/eBay Motors/Parts & Accessories/Car & Truck Parts & Accessories/Engines & Engine Parts/Engine Blocks,33613
/eBay Motors/Parts & Accessories/Car & Truck Parts & Accessories/Engines & Engine Parts/Engine Mounts,50454
/eBay Motors/Parts & Accessories/Car & Truck Parts & Accessories/Engines & Engine Parts/Engine Rebuild Kits,33620
/eBay Motors/Parts & Accessories/Car & Truck Parts & Accessories/Engines & Engine Parts/Engine Sensors & Switches,262125
"/eBay Motors/Parts & Accessories/Car & Truck Parts & Accessories/Engines & Engine Parts/Gaskets, Seals & Hardware",262126
"/eBay Motors/Parts & Accessories/Car & Truck Parts & Accessories/Engines & Engine Parts/Oil Drain Plugs, Filler Caps & Dipsticks",33622
/eBay Motors/Parts & Accessories/Car & Truck Parts & Accessories/Engines & Engine Parts/Oil Filters,33661
/eBay Motors/Parts & Accessories/Car & Truck Parts & Accessories/Engines & Engine Parts/Oil Pumps & Parts,6778
/eBay Motors/Parts & Accessories/Car & Truck Parts & Accessories/Engines & Engine Parts/Oil Pans,38657
/eBay Motors/Parts & Accessories/Car & Truck Parts & Accessories/Engines & Engine Parts/Pistons & Rings,33623
/eBay Motors/Parts & Accessories/Car & Truck Parts & Accessories/Engines & Engine Parts/Service Kits,174087
/eBay Motors/Parts & Accessories/Car & Truck Parts & Accessories/Engines & Engine Parts/Timing Components & Kits,262130
/eBay Motors/Parts & Accessories/Car & Truck Parts & Accessories/Engines & Engine Parts/Valvetrain Components,262138
/eBay Motors/Parts & Accessories/Car & Truck Parts & Accessories/Engines & Engine Parts/Other Engine Parts,61304
/eBay Motors/Parts & Accessories/Car & Truck Parts & Accessories/Exhaust & Emission Systems/Air Bypass Valves,33606
/eBay Motors/Parts & Accessories/Car & Truck Parts & Accessories/Exhaust & Emission Systems/Catalytic Converters,33629
"/eBay Motors/Parts & Accessories/Car & Truck Parts & Accessories/Exhaust & Emission Systems/Clamps, Flanges, Hangers & Hardware",33634
/eBay Motors/Parts & Accessories/Car & Truck Parts & Accessories/Exhaust & Emission Systems/Diesel Exhaust Fluid System Parts,262142
/eBay Motors/Parts & Accessories/Car & Truck Parts & Accessories/Exhaust & Emission Systems/EGR Parts & Valves,33607
/eBay Motors/Parts & Accessories/Car & Truck Parts & Accessories/Exhaust & Emission Systems/Emission Gaskets,261898
/eBay Motors/Parts & Accessories/Car & Truck Parts & Accessories/Exhaust & Emission Systems/Emissions Hardware & Components,262143
/eBay Motors/Parts & Accessories/Car & Truck Parts & Accessories/Exhaust & Emission Systems/Exhaust Gaskets,33666
/eBay Motors/Parts & Accessories/Car & Truck Parts & Accessories/Exhaust & Emission Systems/Exhaust Pipes & Tips,33633
/eBay Motors/Parts & Accessories/Car & Truck Parts & Accessories/Exhaust & Emission Systems/Exhaust System Kits,33630
/eBay Motors/Parts & Accessories/Car & Truck Parts & Accessories/Exhaust & Emission Systems/Fuel Vapor Canisters,261899
"/eBay Motors/Parts & Accessories/Car & Truck Parts & Accessories/Exhaust & Emission Systems/Heat Shields, Wraps & Sleeves",174044
/eBay Motors/Parts & Accessories/Car & Truck Parts & Accessories/Exhaust & Emission Systems/Manifolds & Headers,33632
/eBay Motors/Parts & Accessories/Car & Truck Parts & Accessories/Exhaust & Emission Systems/Mufflers & Resonators,33636
/eBay Motors/Parts & Accessories/Car & Truck Parts & Accessories/Exhaust & Emission Systems/Oxygen Sensors,63276
/eBay Motors/Parts & Accessories/Car & Truck Parts & Accessories/Exhaust & Emission Systems/Particulate Filters,174028
/eBay Motors/Parts & Accessories/Car & Truck Parts & Accessories/Exhaust & Emission Systems/Secondary Air & Smog Pumps,33610
/eBay Motors/Parts & Accessories/Car & Truck Parts & Accessories/Exhaust & Emission Systems/Solenoids,261897
/eBay Motors/Parts & Accessories/Car & Truck Parts & Accessories/Exhaust & Emission Systems/Switches,262144
/eBay Motors/Parts & Accessories/Car & Truck Parts & Accessories/Exhaust & Emission Systems/Other Exhaust & Emission Parts,46097
/eBay Motors/Parts & Accessories/Car & Truck Parts & Accessories/Exterior Parts & Accessories/Antennas,33639
/eBay Motors/Parts & Accessories/Car & Truck Parts & Accessories/Exterior Parts & Accessories/Body Moldings & Trims,33654
/eBay Motors/Parts & Accessories/Car & Truck Parts & Accessories/Exterior Parts & Accessories/Bumpers & Components,262145
/eBay Motors/Parts & Accessories/Car & Truck Parts & Accessories/Exterior Parts & Accessories/Car & Truck Covers,50456
/eBay Motors/Parts & Accessories/Car & Truck Parts & Accessories/Exterior Parts & Accessories/Decals & Vinyls,50445
"/eBay Motors/Parts & Accessories/Car & Truck Parts & Accessories/Exterior Parts & Accessories/Doors, Trunk Lids & Hatches",262147
/eBay Motors/Parts & Accessories/Car & Truck Parts & Accessories/Exterior Parts & Accessories/Emblems & Ornaments,33643
/eBay Motors/Parts & Accessories/Car & Truck Parts & Accessories/Exterior Parts & Accessories/Exterior Locks & Lock Hardware,33648
/eBay Motors/Parts & Accessories/Car & Truck Parts & Accessories/Exterior Parts & Accessories/Frame Rails & Subframes,262152
/eBay Motors/Parts & Accessories/Car & Truck Parts & Accessories/Exterior Parts & Accessories/Glass & Window Parts,33683
/eBay Motors/Parts & Accessories/Car & Truck Parts & Accessories/Exterior Parts & Accessories/Grilles,33645
/eBay Motors/Parts & Accessories/Car & Truck Parts & Accessories/Exterior Parts & Accessories/Guards & Protection,262153
/eBay Motors/Parts & Accessories/Car & Truck Parts & Accessories/Exterior Parts & Accessories/Hoods,262155
/eBay Motors/Parts & Accessories/Car & Truck Parts & Accessories/Exterior Parts & Accessories/Horns,262159
/eBay Motors/Parts & Accessories/Car & Truck Parts & Accessories/Exterior Parts & Accessories/License Plates & Frames,52638
"/eBay Motors/Parts & Accessories/Car & Truck Parts & Accessories/Exterior Parts & Accessories/Mounts, Brackets & Hardware",262164
/eBay Motors/Parts & Accessories/Car & Truck Parts & Accessories/Exterior Parts & Accessories/Panels,262165
"/eBay Motors/Parts & Accessories/Car & Truck Parts & Accessories/Exterior Parts & Accessories/Roofs, Tops & Sunroofs",262169
/eBay Motors/Parts & Accessories/Car & Truck Parts & Accessories/Exterior Parts & Accessories/Running Boards & Step Bars,33650
/eBay Motors/Parts & Accessories/Car & Truck Parts & Accessories/Exterior Parts & Accessories/Side View Mirrors,262160
/eBay Motors/Parts & Accessories/Car & Truck Parts & Accessories/Exterior Parts & Accessories/Snow Plows & Parts,63688
/eBay Motors/Parts & Accessories/Car & Truck Parts & Accessories/Exterior Parts & Accessories/Spare Tire Carriers & Covers,262174
/eBay Motors/Parts & Accessories/Car & Truck Parts & Accessories/Exterior Parts & Accessories/Spoilers & Wings,33638
/eBay Motors/Parts & Accessories/Car & Truck Parts & Accessories/Exterior Parts & Accessories/Truck Beds & Parts,262175
/eBay Motors/Parts & Accessories/Car & Truck Parts & Accessories/Exterior Parts & Accessories/Wipers & Washers,174111
/eBay Motors/Parts & Accessories/Car & Truck Parts & Accessories/Exterior Parts & Accessories/Other Exterior Parts & Accessories,14769
/eBay Motors/Parts & Accessories/Car & Truck Parts & Accessories/Ignition Systems & Components/Distributors,33690
/eBay Motors/Parts & Accessories/Car & Truck Parts & Accessories/Ignition Systems & Components/Distributor Caps,262180
/eBay Motors/Parts & Accessories/Car & Truck Parts & Accessories/Ignition Systems & Components/Distributor Rotors,262181
/eBay Motors/Parts & Accessories/Car & Truck Parts & Accessories/Ignition Systems & Components/Additional Distributor Parts,262182
/eBay Motors/Parts & Accessories/Car & Truck Parts & Accessories/Ignition Systems & Components/Glow Plugs,174070
/eBay Motors/Parts & Accessories/Car & Truck Parts & Accessories/Ignition Systems & Components/Ignition Coils,262183
/eBay Motors/Parts & Accessories/Car & Truck Parts & Accessories/Ignition Systems & Components/Ignition Condensers,262184
/eBay Motors/Parts & Accessories/Car & Truck Parts & Accessories/Ignition Systems & Components/Ignition Kits,33691
/eBay Motors/Parts & Accessories/Car & Truck Parts & Accessories/Ignition Systems & Components/Ignition Modules,262185
/eBay Motors/Parts & Accessories/Car & Truck Parts & Accessories/Ignition Systems & Components/Ignition Points,262186
/eBay Motors/Parts & Accessories/Car & Truck Parts & Accessories/Ignition Systems & Components/Ignition Wires & Coil Boots,33692
/eBay Motors/Parts & Accessories/Car & Truck Parts & Accessories/Ignition Systems & Components/Spark Plugs,174072
/eBay Motors/Parts & Accessories/Car & Truck Parts & Accessories/Ignition Systems & Components/Other Ignition Systems & Components,46101
/eBay Motors/Parts & Accessories/Car & Truck Parts & Accessories/Interior Parts & Accessories/Cargo Covers,174084
"/eBay Motors/Parts & Accessories/Car & Truck Parts & Accessories/Interior Parts & Accessories/Center, Overhead Consoles & Parts",262187
/eBay Motors/Parts & Accessories/Car & Truck Parts & Accessories/Interior Parts & Accessories/Dash Panels & Glove Boxes,262190
/eBay Motors/Parts & Accessories/Car & Truck Parts & Accessories/Interior Parts & Accessories/Door Panels,33696
"/eBay Motors/Parts & Accessories/Car & Truck Parts & Accessories/Interior Parts & Accessories/Floor Mats, Carpets & Cargo Liners",33697
/eBay Motors/Parts & Accessories/Car & Truck Parts & Accessories/Interior Parts & Accessories/Gauges,33672
/eBay Motors/Parts & Accessories/Car & Truck Parts & Accessories/Interior Parts & Accessories/Handbrake & Shift Boots,174079
/eBay Motors/Parts & Accessories/Car & Truck Parts & Accessories/Interior Parts & Accessories/Headliners & Parts,174080
/eBay Motors/Parts & Accessories/Car & Truck Parts & Accessories/Interior Parts & Accessories/Interior Hardware & Clips,262193
/eBay Motors/Parts & Accessories/Car & Truck Parts & Accessories/Interior Parts & Accessories/Interior Locks & Lock Hardware,262194
/eBay Motors/Parts & Accessories/Car & Truck Parts & Accessories/Interior Parts & Accessories/Interior Safety,262195
/eBay Motors/Parts & Accessories/Car & Truck Parts & Accessories/Interior Parts & Accessories/Mobility & Adaptive Driving Controls,262197
/eBay Motors/Parts & Accessories/Car & Truck Parts & Accessories/Interior Parts & Accessories/Parking Brake Levers,174078
"/eBay Motors/Parts & Accessories/Car & Truck Parts & Accessories/Interior Parts & Accessories/Pedal Assemblies, Pads & Parts",33700
/eBay Motors/Parts & Accessories/Car & Truck Parts & Accessories/Interior Parts & Accessories/Power Outlets & Lighters,262198
/eBay Motors/Parts & Accessories/Car & Truck Parts & Accessories/Interior Parts & Accessories/Rear View Mirrors,33699
"/eBay Motors/Parts & Accessories/Car & Truck Parts & Accessories/Interior Parts & Accessories/Seats, Parts & Accessories",262199
/eBay Motors/Parts & Accessories/Car & Truck Parts & Accessories/Interior Parts & Accessories/Shift Knobs,174077
/eBay Motors/Parts & Accessories/Car & Truck Parts & Accessories/Interior Parts & Accessories/Steering Wheels & Horn Buttons,33704
/eBay Motors/Parts & Accessories/Car & Truck Parts & Accessories/Interior Parts & Accessories/Steering Wheel Covers,180120
/eBay Motors/Parts & Accessories/Car & Truck Parts & Accessories/Interior Parts & Accessories/Storage & Organizers,262202
/eBay Motors/Parts & Accessories/Car & Truck Parts & Accessories/Interior Parts & Accessories/Sun & Privacy Shades,262204
/eBay Motors/Parts & Accessories/Car & Truck Parts & Accessories/Interior Parts & Accessories/Sun Visors,46102
/eBay Motors/Parts & Accessories/Car & Truck Parts & Accessories/Interior Parts & Accessories/Switches & Controls,50459
/eBay Motors/Parts & Accessories/Car & Truck Parts & Accessories/Interior Parts & Accessories/Trim,33705
"/eBay Motors/Parts & Accessories/Car & Truck Parts & Accessories/Interior Parts & Accessories/Window Cranks, Grab Handles & Door Pulls",179848
/eBay Motors/Parts & Accessories/Car & Truck Parts & Accessories/Interior Parts & Accessories/Window Motors & Regulators,33706
/eBay Motors/Parts & Accessories/Car & Truck Parts & Accessories/Interior Parts & Accessories/Other Interior Parts & Accessories,9887
/eBay Motors/Parts & Accessories/Car & Truck Parts & Accessories/Lighting & Lamps/Center & Third Brake Light Assemblies,262205
/eBay Motors/Parts & Accessories/Car & Truck Parts & Accessories/Lighting & Lamps/Daytime Running Lights,262206
/eBay Motors/Parts & Accessories/Car & Truck Parts & Accessories/Lighting & Lamps/Fog Light Assemblies,33709
/eBay Motors/Parts & Accessories/Car & Truck Parts & Accessories/Lighting & Lamps/Headlight Assemblies,33710
/eBay Motors/Parts & Accessories/Car & Truck Parts & Accessories/Lighting & Lamps/Headlight Ballasts & Igniters,262207
/eBay Motors/Parts & Accessories/Car & Truck Parts & Accessories/Lighting & Lamps/Interior Light Assemblies,33712
/eBay Motors/Parts & Accessories/Car & Truck Parts & Accessories/Lighting & Lamps/License Plate Light Assemblies,262208
/eBay Motors/Parts & Accessories/Car & Truck Parts & Accessories/Lighting & Lamps/Light Bulbs & LEDs,172517
/eBay Motors/Parts & Accessories/Car & Truck Parts & Accessories/Lighting & Lamps/Light Mounts & Brackets,262209
/eBay Motors/Parts & Accessories/Car & Truck Parts & Accessories/Lighting & Lamps/Park & Combination Light Assemblies,33708
/eBay Motors/Parts & Accessories/Car & Truck Parts & Accessories/Lighting & Lamps/Reflectors,174062
/eBay Motors/Parts & Accessories/Car & Truck Parts & Accessories/Lighting & Lamps/Side Marker Light Assemblies,33715
"/eBay Motors/Parts & Accessories/Car & Truck Parts & Accessories/Lighting & Lamps/Sockets, Connectors & Wiring",262210
/eBay Motors/Parts & Accessories/Car & Truck Parts & Accessories/Lighting & Lamps/Tail Light Assemblies,33716
/eBay Motors/Parts & Accessories/Car & Truck Parts & Accessories/Lighting & Lamps/Turn Signal Light Assemblies,33717
/eBay Motors/Parts & Accessories/Car & Truck Parts & Accessories/Lighting & Lamps/Accessory Lighting,262212
/eBay Motors/Parts & Accessories/Car & Truck Parts & Accessories/Lighting & Lamps/Other Lighting & Lamps,174065
/eBay Motors/Parts & Accessories/Car & Truck Parts & Accessories/Racks & Cargo Carriers/Anchors,262216
/eBay Motors/Parts & Accessories/Car & Truck Parts & Accessories/Racks & Cargo Carriers/Bike Racks,173830
/eBay Motors/Parts & Accessories/Car & Truck Parts & Accessories/Racks & Cargo Carriers/Cargo Bars,262217
"/eBay Motors/Parts & Accessories/Car & Truck Parts & Accessories/Racks & Cargo Carriers/Cargo Boxes, Bags & Baskets",121984
/eBay Motors/Parts & Accessories/Car & Truck Parts & Accessories/Racks & Cargo Carriers/Roof Racks & Cross Bars,33651
/eBay Motors/Parts & Accessories/Car & Truck Parts & Accessories/Racks & Cargo Carriers/Ski & Snowboard Racks,79067
/eBay Motors/Parts & Accessories/Car & Truck Parts & Accessories/Racks & Cargo Carriers/Straps & Tie-Downs,173831
/eBay Motors/Parts & Accessories/Car & Truck Parts & Accessories/Racks & Cargo Carriers/Watersport Racks,262218
/eBay Motors/Parts & Accessories/Car & Truck Parts & Accessories/Racks & Cargo Carriers/Roof Rack Accessories,262219
/eBay Motors/Parts & Accessories/Car & Truck Parts & Accessories/Racks & Cargo Carriers/Other Racks & Cargo Carriers,262220
"/eBay Motors/Parts & Accessories/Car & Truck Parts & Accessories/Starters, Alternators, ECUs & Wiring/Alternators & Generators",177697
"/eBay Motors/Parts & Accessories/Car & Truck Parts & Accessories/Starters, Alternators, ECUs & Wiring/Alternator & Generator Parts",177698
"/eBay Motors/Parts & Accessories/Car & Truck Parts & Accessories/Starters, Alternators, ECUs & Wiring/Batteries",179846
"/eBay Motors/Parts & Accessories/Car & Truck Parts & Accessories/Starters, Alternators, ECUs & Wiring/Battery Accessories",33575
"/eBay Motors/Parts & Accessories/Car & Truck Parts & Accessories/Starters, Alternators, ECUs & Wiring/ECUs & Computer Modules",33596
"/eBay Motors/Parts & Accessories/Car & Truck Parts & Accessories/Starters, Alternators, ECUs & Wiring/Fuses & Fuse Boxes",262221
"/eBay Motors/Parts & Accessories/Car & Truck Parts & Accessories/Starters, Alternators, ECUs & Wiring/Relays",262222
"/eBay Motors/Parts & Accessories/Car & Truck Parts & Accessories/Starters, Alternators, ECUs & Wiring/Starter Motors",177699
"/eBay Motors/Parts & Accessories/Car & Truck Parts & Accessories/Starters, Alternators, ECUs & Wiring/Starter Motor Parts",177700
"/eBay Motors/Parts & Accessories/Car & Truck Parts & Accessories/Starters, Alternators, ECUs & Wiring/Voltage Regulators",33577
"/eBay Motors/Parts & Accessories/Car & Truck Parts & Accessories/Starters, Alternators, ECUs & Wiring/Wiring Harnesses, Cables & Connectors",179847
"/eBay Motors/Parts & Accessories/Car & Truck Parts & Accessories/Starters, Alternators, ECUs & Wiring/Other Starters, Alternators, ECUs & Wiring",33578
/eBay Motors/Parts & Accessories/Car & Truck Parts & Accessories/Steering & Suspension/Camber & Caster Parts,33581
"/eBay Motors/Parts & Accessories/Car & Truck Parts & Accessories/Steering & Suspension/Control Arms, Ball Joints & Assemblies",33580
"/eBay Motors/Parts & Accessories/Car & Truck Parts & Accessories/Steering & Suspension/Gearboxes, Rack & Pinions",33589
"/eBay Motors/Parts & Accessories/Car & Truck Parts & Accessories/Steering & Suspension/Gearbox, Rack & Pinion Parts",262223
/eBay Motors/Parts & Accessories/Car & Truck Parts & Accessories/Steering & Suspension/King Pins,262224
/eBay Motors/Parts & Accessories/Car & Truck Parts & Accessories/Steering & Suspension/Leaf & Coil Springs,33582
/eBay Motors/Parts & Accessories/Car & Truck Parts & Accessories/Steering & Suspension/Pitman & Idler Arms,33587
/eBay Motors/Parts & Accessories/Car & Truck Parts & Accessories/Steering & Suspension/Power Steering Hoses,262225
/eBay Motors/Parts & Accessories/Car & Truck Parts & Accessories/Steering & Suspension/Power Steering Pumps,33588
/eBay Motors/Parts & Accessories/Car & Truck Parts & Accessories/Steering & Suspension/Power Steering Pump Parts,262226
"/eBay Motors/Parts & Accessories/Car & Truck Parts & Accessories/Steering & Suspension/Radius, Swing & Trailing Arms",262227
/eBay Motors/Parts & Accessories/Car & Truck Parts & Accessories/Steering & Suspension/Self-Leveling Suspension Parts,174091
/eBay Motors/Parts & Accessories/Car & Truck Parts & Accessories/Steering & Suspension/Shock & Strut Mounts,262228
"/eBay Motors/Parts & Accessories/Car & Truck Parts & Accessories/Steering & Suspension/Shocks, Struts & Assemblies",33590
/eBay Motors/Parts & Accessories/Car & Truck Parts & Accessories/Steering & Suspension/Steering & Suspension Bushings,262229
/eBay Motors/Parts & Accessories/Car & Truck Parts & Accessories/Steering & Suspension/Steering Columns,174093
/eBay Motors/Parts & Accessories/Car & Truck Parts & Accessories/Steering & Suspension/Steering Knuckles,262230
/eBay Motors/Parts & Accessories/Car & Truck Parts & Accessories/Steering & Suspension/Steering Stabilizers,262231
/eBay Motors/Parts & Accessories/Car & Truck Parts & Accessories/Steering & Suspension/Suspension Component Replacement Kits,174090
"/eBay Motors/Parts & Accessories/Car & Truck Parts & Accessories/Steering & Suspension/Sway Bars, Links & Bushings",33592
/eBay Motors/Parts & Accessories/Car & Truck Parts & Accessories/Steering & Suspension/Tie Rods & Steering Linkages,33593
"/eBay Motors/Parts & Accessories/Car & Truck Parts & Accessories/Steering & Suspension/Wheel Bearings, Hubs & Seals",170141
/eBay Motors/Parts & Accessories/Car & Truck Parts & Accessories/Steering & Suspension/Other Steering & Suspension Parts,42609
/eBay Motors/Parts & Accessories/Car & Truck Parts & Accessories/Towing Parts & Accessories/Trailer Hitches,33653
/eBay Motors/Parts & Accessories/Car & Truck Parts & Accessories/Towing Parts & Accessories/Tow Bars & Poles,180144
/eBay Motors/Parts & Accessories/Car & Truck Parts & Accessories/Towing Parts & Accessories/Towing Mirrors,173832
/eBay Motors/Parts & Accessories/Car & Truck Parts & Accessories/Towing Parts & Accessories/Trailer Brake Controllers,33570
/eBay Motors/Parts & Accessories/Car & Truck Parts & Accessories/Towing Parts & Accessories/Tow Balls & Ball Mounts,180145
"/eBay Motors/Parts & Accessories/Car & Truck Parts & Accessories/Towing Parts & Accessories/Wiring, Harnesses & Connectors",38789
/eBay Motors/Parts & Accessories/Car & Truck Parts & Accessories/Towing Parts & Accessories/Towing Accessories,262233
/eBay Motors/Parts & Accessories/Car & Truck Parts & Accessories/Towing Parts & Accessories/Other Towing Parts,38790
/eBay Motors/Parts & Accessories/Car & Truck Parts & Accessories/Transmission & Drivetrain/Automatic Transmission,171115
/eBay Motors/Parts & Accessories/Car & Truck Parts & Accessories/Transmission & Drivetrain/Automatic Transmission Parts,33727
/eBay Motors/Parts & Accessories/Car & Truck Parts & Accessories/Transmission & Drivetrain/Axles,262238
/eBay Motors/Parts & Accessories/Car & Truck Parts & Accessories/Transmission & Drivetrain/Axle Housings & Parts,33728
/eBay Motors/Parts & Accessories/Car & Truck Parts & Accessories/Transmission & Drivetrain/Clutch Parts & Kits,262239
/eBay Motors/Parts & Accessories/Car & Truck Parts & Accessories/Transmission & Drivetrain/CV Axle Assemblies,262243
"/eBay Motors/Parts & Accessories/Car & Truck Parts & Accessories/Transmission & Drivetrain/CV Joints, Boots & Parts",33729
"/eBay Motors/Parts & Accessories/Car & Truck Parts & Accessories/Transmission & Drivetrain/Differentials, Assemblies & Parts",262244
/eBay Motors/Parts & Accessories/Car & Truck Parts & Accessories/Transmission & Drivetrain/Driveshafts & Parts,262250
/eBay Motors/Parts & Accessories/Car & Truck Parts & Accessories/Transmission & Drivetrain/Drivetrain Hardware & Fasteners,262254
/eBay Motors/Parts & Accessories/Car & Truck Parts & Accessories/Transmission & Drivetrain/Flywheels & Flexplates,33732
/eBay Motors/Parts & Accessories/Car & Truck Parts & Accessories/Transmission & Drivetrain/Manual Transmission,171117
/eBay Motors/Parts & Accessories/Car & Truck Parts & Accessories/Transmission & Drivetrain/Manual Transmission Parts,33733
/eBay Motors/Parts & Accessories/Car & Truck Parts & Accessories/Transmission & Drivetrain/Oil Coolers & Lines,262255
"/eBay Motors/Parts & Accessories/Car & Truck Parts & Accessories/Transmission & Drivetrain/Shifters, Cables & Linkages",33736
/eBay Motors/Parts & Accessories/Car & Truck Parts & Accessories/Transmission & Drivetrain/Torque Converters,63692
/eBay Motors/Parts & Accessories/Car & Truck Parts & Accessories/Transmission & Drivetrain/Transfer Cases,262256
/eBay Motors/Parts & Accessories/Car & Truck Parts & Accessories/Transmission & Drivetrain/Transfer Case Parts,262257
/eBay Motors/Parts & Accessories/Car & Truck Parts & Accessories/Transmission & Drivetrain/Transmission & Drivetrain Mounts,262258
/eBay Motors/Parts & Accessories/Car & Truck Parts & Accessories/Transmission & Drivetrain/Transmission Control Modules,262259
/eBay Motors/Parts & Accessories/Car & Truck Parts & Accessories/Transmission & Drivetrain/Transmission Filters,33662
/eBay Motors/Parts & Accessories/Car & Truck Parts & Accessories/Transmission & Drivetrain/Transmission Gaskets & Seals,262260
/eBay Motors/Parts & Accessories/Car & Truck Parts & Accessories/Transmission & Drivetrain/Transmission Rebuild Kits,46103
/eBay Motors/Parts & Accessories/Car & Truck Parts & Accessories/Transmission & Drivetrain/Transmission Sensors,174106
"/eBay Motors/Parts & Accessories/Car & Truck Parts & Accessories/Transmission & Drivetrain/Wiring, Harnesses & Connectors",262261
/eBay Motors/Parts & Accessories/Car & Truck Parts & Accessories/Transmission & Drivetrain/Other Transmission & Drivetrain,46104
"/eBay Motors/Parts & Accessories/Car & Truck Parts & Accessories/Wheels, Tires & Parts/Tires",179680
"/eBay Motors/Parts & Accessories/Car & Truck Parts & Accessories/Wheels, Tires & Parts/Wheels",179679
"/eBay Motors/Parts & Accessories/Car & Truck Parts & Accessories/Wheels, Tires & Parts/Wheel & Tire Packages",179681
"/eBay Motors/Parts & Accessories/Car & Truck Parts & Accessories/Wheels, Tires & Parts/Tire Pressure Monitoring Sensor",179696
"/eBay Motors/Parts & Accessories/Car & Truck Parts & Accessories/Wheels, Tires & Parts/Valve Stems & Caps",33747
"/eBay Motors/Parts & Accessories/Car & Truck Parts & Accessories/Wheels, Tires & Parts/Wheel Hub Caps, Center Caps & Trim Rings",262263
"/eBay Motors/Parts & Accessories/Car & Truck Parts & Accessories/Wheels, Tires & Parts/Wheel Nuts, Bolts & Studs",33749
"/eBay Motors/Parts & Accessories/Car & Truck Parts & Accessories/Wheels, Tires & Parts/Wheel Spacers, Adapters & Hub Centric Rings",122154
"/eBay Motors/Parts & Accessories/Car & Truck Parts & Accessories/Wheels, Tires & Parts/Wheel & Tire Accessories",262264
"/eBay Motors/Parts & Accessories/Car & Truck Parts & Accessories/Wheels, Tires & Parts/Other Wheel & Tire Parts",179684
"/eBay Motors/Parts & Accessories/Car & Truck Parts & Accessories/Advanced Driver Assistance Systems/Parking Assistance/Camera, Monitor & Sensor Kits",184616
/eBay Motors/Parts & Accessories/Car & Truck Parts & Accessories/Advanced Driver Assistance Systems/Parking Assistance/Parking Cameras,174593
/eBay Motors/Parts & Accessories/Car & Truck Parts & Accessories/Advanced Driver Assistance Systems/Parking Assistance/Parking Sensors,61523
/eBay Motors/Parts & Accessories/Car & Truck Parts & Accessories/Advanced Driver Assistance Systems/Parking Assistance/Other Parking Assistance,258038
/eBay Motors/Parts & Accessories/Car & Truck Parts & Accessories/Air & Fuel Delivery/Fuel Injection Parts/Fuel Injectors,33554
/eBay Motors/Parts & Accessories/Car & Truck Parts & Accessories/Air & Fuel Delivery/Fuel Injection Parts/High Pressure Fuel Pump,262071
/eBay Motors/Parts & Accessories/Car & Truck Parts & Accessories/Air & Fuel Delivery/Fuel Injection Parts/Additional Fuel Injection Parts,33553
"/eBay Motors/Parts & Accessories/Car & Truck Parts & Accessories/Air & Fuel Delivery/Turbos, Superchargers & Intercoolers/Intercoolers",262073
"/eBay Motors/Parts & Accessories/Car & Truck Parts & Accessories/Air & Fuel Delivery/Turbos, Superchargers & Intercoolers/Turbos & Parts",33742
"/eBay Motors/Parts & Accessories/Car & Truck Parts & Accessories/Air & Fuel Delivery/Turbos, Superchargers & Intercoolers/Superchargers & Parts",33741
/eBay Motors/Parts & Accessories/Car & Truck Parts & Accessories/Air Conditioning & Heating/Blowers & Fans/HVAC Blower Modules & Resistors,262078
/eBay Motors/Parts & Accessories/Car & Truck Parts & Accessories/Air Conditioning & Heating/Blowers & Fans/HVAC Blower Motors & Wheels,33546
/eBay Motors/Parts & Accessories/Car & Truck Parts & Accessories/Air Conditioning & Heating/Blowers & Fans/Additional Blower & Fan Parts,262079
"/eBay Motors/Parts & Accessories/Car & Truck Parts & Accessories/Electric, Hybrid & PHEV Specific Parts/Batteries, BMS & Fuel Cells/Batteries",177703
"/eBay Motors/Parts & Accessories/Car & Truck Parts & Accessories/Electric, Hybrid & PHEV Specific Parts/Batteries, BMS & Fuel Cells/Battery Management Systems (BMS)",262095
"/eBay Motors/Parts & Accessories/Car & Truck Parts & Accessories/Electric, Hybrid & PHEV Specific Parts/Batteries, BMS & Fuel Cells/Battery & BMS Units",262096
"/eBay Motors/Parts & Accessories/Car & Truck Parts & Accessories/Electric, Hybrid & PHEV Specific Parts/Batteries, BMS & Fuel Cells/Fuel Cells & Parts",262097
"/eBay Motors/Parts & Accessories/Car & Truck Parts & Accessories/Electric, Hybrid & PHEV Specific Parts/Charging Units/Charging Stations",262099
"/eBay Motors/Parts & Accessories/Car & Truck Parts & Accessories/Electric, Hybrid & PHEV Specific Parts/Charging Units/Mobile Charging",262100
"/eBay Motors/Parts & Accessories/Car & Truck Parts & Accessories/Electric, Hybrid & PHEV Specific Parts/Charging Components/Charging Cables",262102
"/eBay Motors/Parts & Accessories/Car & Truck Parts & Accessories/Electric, Hybrid & PHEV Specific Parts/Charging Components/Charger Carry Cases",262103
"/eBay Motors/Parts & Accessories/Car & Truck Parts & Accessories/Electric, Hybrid & PHEV Specific Parts/Charging Components/Charging Converters",262104
"/eBay Motors/Parts & Accessories/Car & Truck Parts & Accessories/Electric, Hybrid & PHEV Specific Parts/Charging Components/Charger Holders",262105
"/eBay Motors/Parts & Accessories/Car & Truck Parts & Accessories/Electric, Hybrid & PHEV Specific Parts/Charging Components/Charging Upgrade Kits",262106
"/eBay Motors/Parts & Accessories/Car & Truck Parts & Accessories/Electric, Hybrid & PHEV Specific Parts/Charging Components/Other Charging Components",177702
"/eBay Motors/Parts & Accessories/Car & Truck Parts & Accessories/Electric, Hybrid & PHEV Specific Parts/Cooling Components/Heatsinks",262108
"/eBay Motors/Parts & Accessories/Car & Truck Parts & Accessories/Electric, Hybrid & PHEV Specific Parts/Cooling Components/Fans",262109
"/eBay Motors/Parts & Accessories/Car & Truck Parts & Accessories/Electric, Hybrid & PHEV Specific Parts/Cooling Components/Cooling Plates",262110
"/eBay Motors/Parts & Accessories/Car & Truck Parts & Accessories/Electric, Hybrid & PHEV Specific Parts/Drivetrain Motors & Parts/Drivetrain Motors",177708
"/eBay Motors/Parts & Accessories/Car & Truck Parts & Accessories/Electric, Hybrid & PHEV Specific Parts/Drivetrain Motors & Parts/Drivetrain Motor Parts",262112
"/eBay Motors/Parts & Accessories/Car & Truck Parts & Accessories/Engines & Engine Parts/Gaskets, Seals & Hardware/Brackets & Hardware",262127
"/eBay Motors/Parts & Accessories/Car & Truck Parts & Accessories/Engines & Engine Parts/Gaskets, Seals & Hardware/Gasket Kits",262128
"/eBay Motors/Parts & Accessories/Car & Truck Parts & Accessories/Engines & Engine Parts/Gaskets, Seals & Hardware/Gaskets & Seals",33665
"/eBay Motors/Parts & Accessories/Car & Truck Parts & Accessories/Engines & Engine Parts/Gaskets, Seals & Hardware/Hardware Kits",262129
/eBay Motors/Parts & Accessories/Car & Truck Parts & Accessories/Engines & Engine Parts/Timing Components & Kits/Guide Rails,262131
/eBay Motors/Parts & Accessories/Car & Truck Parts & Accessories/Engines & Engine Parts/Timing Components & Kits/Sprockets,262132
/eBay Motors/Parts & Accessories/Car & Truck Parts & Accessories/Engines & Engine Parts/Timing Components & Kits/Tensioners & Pulleys,262133
/eBay Motors/Parts & Accessories/Car & Truck Parts & Accessories/Engines & Engine Parts/Timing Components & Kits/Timing Belts,262134
/eBay Motors/Parts & Accessories/Car & Truck Parts & Accessories/Engines & Engine Parts/Timing Components & Kits/Timing Chains,262135
/eBay Motors/Parts & Accessories/Car & Truck Parts & Accessories/Engines & Engine Parts/Timing Components & Kits/Timing Covers,262136
/eBay Motors/Parts & Accessories/Car & Truck Parts & Accessories/Engines & Engine Parts/Timing Components & Kits/Timing Kits,262137
/eBay Motors/Parts & Accessories/Car & Truck Parts & Accessories/Engines & Engine Parts/Valvetrain Components/Camshafts,33614
/eBay Motors/Parts & Accessories/Car & Truck Parts & Accessories/Engines & Engine Parts/Valvetrain Components/Push Rods,262139
/eBay Motors/Parts & Accessories/Car & Truck Parts & Accessories/Engines & Engine Parts/Valvetrain Components/Rocker & Valve Covers,33627
/eBay Motors/Parts & Accessories/Car & Truck Parts & Accessories/Engines & Engine Parts/Valvetrain Components/Rocker Arms & Parts,33624
/eBay Motors/Parts & Accessories/Car & Truck Parts & Accessories/Engines & Engine Parts/Valvetrain Components/Tappets & Lifters,61338
/eBay Motors/Parts & Accessories/Car & Truck Parts & Accessories/Engines & Engine Parts/Valvetrain Components/Valves,33621
"/eBay Motors/Parts & Accessories/Car & Truck Parts & Accessories/Engines & Engine Parts/Valvetrain Components/Valve Guides, Springs & Parts",262140
/eBay Motors/Parts & Accessories/Car & Truck Parts & Accessories/Engines & Engine Parts/Valvetrain Components/Variable Valve Timing Parts,262141
/eBay Motors/Parts & Accessories/Car & Truck Parts & Accessories/Exterior Parts & Accessories/Bumpers & Components/Air Dams,38658
/eBay Motors/Parts & Accessories/Car & Truck Parts & Accessories/Exterior Parts & Accessories/Bumpers & Components/Bumper Inserts & Covers,262146
/eBay Motors/Parts & Accessories/Car & Truck Parts & Accessories/Exterior Parts & Accessories/Bumpers & Components/Bumpers & Reinforcements,33640
"/eBay Motors/Parts & Accessories/Car & Truck Parts & Accessories/Exterior Parts & Accessories/Doors, Trunk Lids & Hatches/Cargo & Sliding Doors",262149
"/eBay Motors/Parts & Accessories/Car & Truck Parts & Accessories/Exterior Parts & Accessories/Doors, Trunk Lids & Hatches/Doors & Door Skins",179850
"/eBay Motors/Parts & Accessories/Car & Truck Parts & Accessories/Exterior Parts & Accessories/Doors, Trunk Lids & Hatches/Door Handles",179851
"/eBay Motors/Parts & Accessories/Car & Truck Parts & Accessories/Exterior Parts & Accessories/Doors, Trunk Lids & Hatches/Door Seals",262148
"/eBay Motors/Parts & Accessories/Car & Truck Parts & Accessories/Exterior Parts & Accessories/Doors, Trunk Lids & Hatches/Hatches & Trunk Lids",33656
"/eBay Motors/Parts & Accessories/Car & Truck Parts & Accessories/Exterior Parts & Accessories/Doors, Trunk Lids & Hatches/Lift Supports, Latches, Hinges & Additional Parts",262150
"/eBay Motors/Parts & Accessories/Car & Truck Parts & Accessories/Exterior Parts & Accessories/Doors, Trunk Lids & Hatches/Liftgates",33647
/eBay Motors/Parts & Accessories/Car & Truck Parts & Accessories/Exterior Parts & Accessories/Glass & Window Parts/Auto Glass,33684
"/eBay Motors/Parts & Accessories/Car & Truck Parts & Accessories/Exterior Parts & Accessories/Glass & Window Parts/Window Seals, Gaskets & Trims",33685
/eBay Motors/Parts & Accessories/Car & Truck Parts & Accessories/Exterior Parts & Accessories/Glass & Window Parts/Window Tinting,63689
/eBay Motors/Parts & Accessories/Car & Truck Parts & Accessories/Exterior Parts & Accessories/Glass & Window Parts/Additional Glass & Window Parts,6781
/eBay Motors/Parts & Accessories/Car & Truck Parts & Accessories/Exterior Parts & Accessories/Guards & Protection/Grille Guards & Light Protectors,262154
/eBay Motors/Parts & Accessories/Car & Truck Parts & Accessories/Exterior Parts & Accessories/Guards & Protection/Splash Guards & Mud Flaps,50455
"/eBay Motors/Parts & Accessories/Car & Truck Parts & Accessories/Exterior Parts & Accessories/Guards & Protection/Sun Visors, Wind & Bug Deflectors",38659
/eBay Motors/Parts & Accessories/Car & Truck Parts & Accessories/Exterior Parts & Accessories/Guards & Protection/Additional Guards & Protection,50457
"/eBay Motors/Parts & Accessories/Car & Truck Parts & Accessories/Exterior Parts & Accessories/Hoods/Hinges, Latches & Additional Hood Components",262156
/eBay Motors/Parts & Accessories/Car & Truck Parts & Accessories/Exterior Parts & Accessories/Hoods/Hood Panels,33646
/eBay Motors/Parts & Accessories/Car & Truck Parts & Accessories/Exterior Parts & Accessories/Hoods/Hood Scoops & Vents,262157
/eBay Motors/Parts & Accessories/Car & Truck Parts & Accessories/Exterior Parts & Accessories/Hoods/Lift Supports & Prop Rods,262158
/eBay Motors/Parts & Accessories/Car & Truck Parts & Accessories/Exterior Parts & Accessories/Panels/Body Side & Quarter Panels,262166
/eBay Motors/Parts & Accessories/Car & Truck Parts & Accessories/Exterior Parts & Accessories/Panels/Fenders,33644
/eBay Motors/Parts & Accessories/Car & Truck Parts & Accessories/Exterior Parts & Accessories/Panels/Fuel Doors & Components,262167
/eBay Motors/Parts & Accessories/Car & Truck Parts & Accessories/Exterior Parts & Accessories/Panels/Additional Panels,262168
"/eBay Motors/Parts & Accessories/Car & Truck Parts & Accessories/Exterior Parts & Accessories/Roofs, Tops & Sunroofs/Convertible Tops & Parts",262170
"/eBay Motors/Parts & Accessories/Car & Truck Parts & Accessories/Exterior Parts & Accessories/Roofs, Tops & Sunroofs/Hardtops, Roof Panels & Parts",262171
"/eBay Motors/Parts & Accessories/Car & Truck Parts & Accessories/Exterior Parts & Accessories/Roofs, Tops & Sunroofs/Sunroofs & Parts",262172
"/eBay Motors/Parts & Accessories/Car & Truck Parts & Accessories/Exterior Parts & Accessories/Roofs, Tops & Sunroofs/Additional Parts",262173
/eBay Motors/Parts & Accessories/Car & Truck Parts & Accessories/Exterior Parts & Accessories/Side View Mirrors/Mirror Assemblies,262161
/eBay Motors/Parts & Accessories/Car & Truck Parts & Accessories/Exterior Parts & Accessories/Side View Mirrors/Mirror Glass,262163
/eBay Motors/Parts & Accessories/Car & Truck Parts & Accessories/Exterior Parts & Accessories/Side View Mirrors/Mirror Components,262162
"/eBay Motors/Parts & Accessories/Car & Truck Parts & Accessories/Exterior Parts & Accessories/Truck Beds & Parts/Hinges, Latches & Additional Components",262176
/eBay Motors/Parts & Accessories/Car & Truck Parts & Accessories/Exterior Parts & Accessories/Truck Beds & Parts/Truck Beds & Repair Sections,262177
/eBay Motors/Parts & Accessories/Car & Truck Parts & Accessories/Exterior Parts & Accessories/Truck Beds & Parts/Tailgates,262178
/eBay Motors/Parts & Accessories/Car & Truck Parts & Accessories/Exterior Parts & Accessories/Truck Beds & Parts/Truck Bed Accessories,33655
"/eBay Motors/Parts & Accessories/Car & Truck Parts & Accessories/Exterior Parts & Accessories/Wipers & Washers/Washer Pumps, Reservoirs & Nozzles",174112
/eBay Motors/Parts & Accessories/Car & Truck Parts & Accessories/Exterior Parts & Accessories/Wipers & Washers/Wiper Arms,174113
/eBay Motors/Parts & Accessories/Car & Truck Parts & Accessories/Exterior Parts & Accessories/Wipers & Washers/Wiper Blades & Refills,179852
"/eBay Motors/Parts & Accessories/Car & Truck Parts & Accessories/Exterior Parts & Accessories/Wipers & Washers/Wiper Linkages, Transmissions & Motors",61941
/eBay Motors/Parts & Accessories/Car & Truck Parts & Accessories/Exterior Parts & Accessories/Wipers & Washers/Additional Wiper & Washer Components,262179
"/eBay Motors/Parts & Accessories/Car & Truck Parts & Accessories/Interior Parts & Accessories/Center, Overhead Consoles & Parts/Center & Overhead Consoles",262188
"/eBay Motors/Parts & Accessories/Car & Truck Parts & Accessories/Interior Parts & Accessories/Center, Overhead Consoles & Parts/Center & Overhead Console Parts",262189
/eBay Motors/Parts & Accessories/Car & Truck Parts & Accessories/Interior Parts & Accessories/Dash Panels & Glove Boxes/Dash Panels,262191
"/eBay Motors/Parts & Accessories/Car & Truck Parts & Accessories/Interior Parts & Accessories/Dash Panels & Glove Boxes/Glove Boxes, Doors & Latches",33698
/eBay Motors/Parts & Accessories/Car & Truck Parts & Accessories/Interior Parts & Accessories/Gauges/Individual Gauges,262192
/eBay Motors/Parts & Accessories/Car & Truck Parts & Accessories/Interior Parts & Accessories/Gauges/Instrument Clusters,33675
/eBay Motors/Parts & Accessories/Car & Truck Parts & Accessories/Interior Parts & Accessories/Gauges/Instrument & Gauge Parts,43951
/eBay Motors/Parts & Accessories/Car & Truck Parts & Accessories/Interior Parts & Accessories/Interior Safety/Airbags,177710
/eBay Motors/Parts & Accessories/Car & Truck Parts & Accessories/Interior Parts & Accessories/Interior Safety/Airbag Parts,177711
/eBay Motors/Parts & Accessories/Car & Truck Parts & Accessories/Interior Parts & Accessories/Interior Safety/Seat Belts & Parts,33725
/eBay Motors/Parts & Accessories/Car & Truck Parts & Accessories/Interior Parts & Accessories/Interior Safety/Other Interior Safety,262196
"/eBay Motors/Parts & Accessories/Car & Truck Parts & Accessories/Interior Parts & Accessories/Seats, Parts & Accessories/Headrests",262200
"/eBay Motors/Parts & Accessories/Car & Truck Parts & Accessories/Interior Parts & Accessories/Seats, Parts & Accessories/Seats",33701
"/eBay Motors/Parts & Accessories/Car & Truck Parts & Accessories/Interior Parts & Accessories/Seats, Parts & Accessories/Seat Belt Shoulder Pads",50458
"/eBay Motors/Parts & Accessories/Car & Truck Parts & Accessories/Interior Parts & Accessories/Seats, Parts & Accessories/Seat Covers",33702
"/eBay Motors/Parts & Accessories/Car & Truck Parts & Accessories/Interior Parts & Accessories/Seats, Parts & Accessories/Additional Seat Parts",262201
"/eBay Motors/Parts & Accessories/Car & Truck Parts & Accessories/Interior Parts & Accessories/Storage & Organizers/Cargo Nets, Pet Barriers & Storage Bins",63690
/eBay Motors/Parts & Accessories/Car & Truck Parts & Accessories/Interior Parts & Accessories/Storage & Organizers/Cup Holders,63691
/eBay Motors/Parts & Accessories/Car & Truck Parts & Accessories/Interior Parts & Accessories/Storage & Organizers/Garbage Cans,180117
/eBay Motors/Parts & Accessories/Car & Truck Parts & Accessories/Interior Parts & Accessories/Storage & Organizers/Additional Storage & Organizers,262203
/eBay Motors/Parts & Accessories/Car & Truck Parts & Accessories/Lighting & Lamps/Accessory Lighting/Accessory & Off Road Lighting,262213
/eBay Motors/Parts & Accessories/Car & Truck Parts & Accessories/Lighting & Lamps/Accessory Lighting/Warning Lights,121985
/eBay Motors/Parts & Accessories/Car & Truck Parts & Accessories/Lighting & Lamps/Accessory Lighting/Wheel & Underbody Lights,262214
/eBay Motors/Parts & Accessories/Car & Truck Parts & Accessories/Lighting & Lamps/Accessory Lighting/Light Bars,184669
/eBay Motors/Parts & Accessories/Car & Truck Parts & Accessories/Towing Parts & Accessories/Towing Accessories/Hitch Extenders & Adapters,262234
/eBay Motors/Parts & Accessories/Car & Truck Parts & Accessories/Towing Parts & Accessories/Towing Accessories/Hitch Pins & Locks,184629
/eBay Motors/Parts & Accessories/Car & Truck Parts & Accessories/Towing Parts & Accessories/Towing Accessories/Safety Chains & Cables,262235
/eBay Motors/Parts & Accessories/Car & Truck Parts & Accessories/Towing Parts & Accessories/Towing Accessories/Tow Ropes & Chains,61960
/eBay Motors/Parts & Accessories/Car & Truck Parts & Accessories/Towing Parts & Accessories/Towing Accessories/Weight Distribution & Sway Control,262236
/eBay Motors/Parts & Accessories/Car & Truck Parts & Accessories/Towing Parts & Accessories/Towing Accessories/Other Towing Accessories,262237
/eBay Motors/Parts & Accessories/Car & Truck Parts & Accessories/Transmission & Drivetrain/Clutch Parts & Kits/Clutch Cables,61265
/eBay Motors/Parts & Accessories/Car & Truck Parts & Accessories/Transmission & Drivetrain/Clutch Parts & Kits/Clutch Hydraulics,262240
/eBay Motors/Parts & Accessories/Car & Truck Parts & Accessories/Transmission & Drivetrain/Clutch Parts & Kits/Clutch Kits,262241
/eBay Motors/Parts & Accessories/Car & Truck Parts & Accessories/Transmission & Drivetrain/Clutch Parts & Kits/Additional Clutch Parts,262242
"/eBay Motors/Parts & Accessories/Car & Truck Parts & Accessories/Transmission & Drivetrain/Differentials, Assemblies & Parts/Differential Assemblies",262245
"/eBay Motors/Parts & Accessories/Car & Truck Parts & Accessories/Transmission & Drivetrain/Differentials, Assemblies & Parts/Differential Bearings",262246
"/eBay Motors/Parts & Accessories/Car & Truck Parts & Accessories/Transmission & Drivetrain/Differentials, Assemblies & Parts/Differential Rebuild Kits",262247
"/eBay Motors/Parts & Accessories/Car & Truck Parts & Accessories/Transmission & Drivetrain/Differentials, Assemblies & Parts/Seals & Gaskets",262248
"/eBay Motors/Parts & Accessories/Car & Truck Parts & Accessories/Transmission & Drivetrain/Differentials, Assemblies & Parts/Additional Differential Parts",262249
/eBay Motors/Parts & Accessories/Car & Truck Parts & Accessories/Transmission & Drivetrain/Driveshafts & Parts/Driveshafts,262251
/eBay Motors/Parts & Accessories/Car & Truck Parts & Accessories/Transmission & Drivetrain/Driveshafts & Parts/Driveshaft Bearings & U-Joints,262252
/eBay Motors/Parts & Accessories/Car & Truck Parts & Accessories/Transmission & Drivetrain/Driveshafts & Parts/Additional Driveshaft Parts,262253
"/eBay Motors/Parts & Accessories/Car & Truck Parts & Accessories/Wheels, Tires & Parts/Wheel Hub Caps, Center Caps & Trim Rings/Rim Protectors",180123
"/eBay Motors/Parts & Accessories/Car & Truck Parts & Accessories/Wheels, Tires & Parts/Wheel Hub Caps, Center Caps & Trim Rings/Wheel Center Caps",43961
"/eBay Motors/Parts & Accessories/Car & Truck Parts & Accessories/Wheels, Tires & Parts/Wheel Hub Caps, Center Caps & Trim Rings/Wheel Hub Caps & Trim Rings",33744
"/eBay Motors/Parts & Accessories/Car & Truck Parts & Accessories/Wheels, Tires & Parts/Wheel & Tire Accessories/Spare Tire Jack & Tool Kits",262265
"/eBay Motors/Parts & Accessories/Car & Truck Parts & Accessories/Wheels, Tires & Parts/Wheel & Tire Accessories/Tire Chains, Anti-Skid & Socks",180090
"/eBay Motors/Parts & Accessories/Car & Truck Parts & Accessories/Wheels, Tires & Parts/Wheel & Tire Accessories/Other Tire Accessories",33746
