SKU,Image_Links
BLKU162,https://gridximges.s3.me-central-1.amazonaws.com/blackline/BLKU162_2.jpg|https://gridximges.s3.me-central-1.amazonaws.com/blackline/BLKU162_3.jpg|https://gridximges.s3.me-central-1.amazonaws.com/blackline/BLKU162_1.jpg|https://gridximges.s3.me-central-1.amazonaws.com/blackline/BLKU162_4.jpg|https://gridximges.s3.me-central-1.amazonaws.com/blackline/BLKU162_5.jpg|https://gridximges.s3.me-central-1.amazonaws.com/blackline/BLKU162_6.jpg|https://gridximges.s3.me-central-1.amazonaws.com/blackline/BLKU162_7.jpg|https://gridximges.s3.me-central-1.amazonaws.com/blackline/BLKU162_8.jpg|https://gridximges.s3.me-central-1.amazonaws.com/blackline/BLKU162_9.jpg|https://gridximges.s3.me-central-1.amazonaws.com/blackline/BLKU162_10.jpg|https://gridximges.s3.me-central-1.amazonaws.com/blackline/BLKU162_12.jpg|https://gridximges.s3.me-central-1.amazonaws.com/blackline/BLKU162_11.jpg|https://gridximges.s3.me-central-1.amazonaws.com/blackline/BLKU162_13.jpg|https://gridximges.s3.me-central-1.amazonaws.com/blackline/BLKU162_14.jpg
BLKU165,https://gridximges.s3.me-central-1.amazonaws.com/blackline/BLKU165_1.jpg|https://gridximges.s3.me-central-1.amazonaws.com/blackline/BLKU165_2.jpg|https://gridximges.s3.me-central-1.amazonaws.com/blackline/BLKU165_3.jpg|https://gridximges.s3.me-central-1.amazonaws.com/blackline/BLKU165_4.jpg|https://gridximges.s3.me-central-1.amazonaws.com/blackline/BLKU165_6.jpg|https://gridximges.s3.me-central-1.amazonaws.com/blackline/BLKU165_5.jpg|https://gridximges.s3.me-central-1.amazonaws.com/blackline/BLKU165_7.jpg|https://gridximges.s3.me-central-1.amazonaws.com/blackline/BLKU165_8.jpg|https://gridximges.s3.me-central-1.amazonaws.com/blackline/BLKU165_9.jpg|https://gridximges.s3.me-central-1.amazonaws.com/blackline/BLKU165_10.jpg
BLKU247,https://gridximges.s3.me-central-1.amazonaws.com/blackline/BLKU247_1.jpg|https://gridximges.s3.me-central-1.amazonaws.com/blackline/BLKU247_2.jpg|https://gridximges.s3.me-central-1.amazonaws.com/blackline/BLKU247_3.jpg|https://gridximges.s3.me-central-1.amazonaws.com/blackline/BLKU247_4.jpg|https://gridximges.s3.me-central-1.amazonaws.com/blackline/BLKU247_5.jpg|https://gridximges.s3.me-central-1.amazonaws.com/blackline/BLKU247_6.jpg|https://gridximges.s3.me-central-1.amazonaws.com/blackline/BLKU247_7.jpg|https://gridximges.s3.me-central-1.amazonaws.com/blackline/BLKU247_8.jpg|https://gridximges.s3.me-central-1.amazonaws.com/blackline/BLKU247_9.jpg|https://gridximges.s3.me-central-1.amazonaws.com/blackline/BLKU247_10.jpg|https://gridximges.s3.me-central-1.amazonaws.com/blackline/BLKU247_11.jpg|https://gridximges.s3.me-central-1.amazonaws.com/blackline/BLKU247_12.jpg|https://gridximges.s3.me-central-1.amazonaws.com/blackline/BLKU247_13.jpg|https://gridximges.s3.me-central-1.amazonaws.com/blackline/BLKU247_14.jpg|https://gridximges.s3.me-central-1.amazonaws.com/blackline/BLKU247_15.jpg|https://gridximges.s3.me-central-1.amazonaws.com/blackline/BLKU247_16.jpg|https://gridximges.s3.me-central-1.amazonaws.com/blackline/BLKU247_17.jpg|https://gridximges.s3.me-central-1.amazonaws.com/blackline/BLKU247_18.jpg|https://gridximges.s3.me-central-1.amazonaws.com/blackline/BLKU247_19.jpg|https://gridximges.s3.me-central-1.amazonaws.com/blackline/BLKU247_20.jpg|https://gridximges.s3.me-central-1.amazonaws.com/blackline/BLKU247_21.jpg|https://gridximges.s3.me-central-1.amazonaws.com/blackline/BLKU247_22.jpg|https://gridximges.s3.me-central-1.amazonaws.com/blackline/BLKU247_23.jpg|https://gridximges.s3.me-central-1.amazonaws.com/blackline/BLKU247_24.jpg|https://gridximges.s3.me-central-1.amazonaws.com/blackline/BLKU247_25.jpg|https://gridximges.s3.me-central-1.amazonaws.com/blackline/BLKU247_26.jpg|https://gridximges.s3.me-central-1.amazonaws.com/blackline/BLKU247_27.jpg|https://gridximges.s3.me-central-1.amazonaws.com/blackline/BLKU247_28.jpg
BLKU261,https://gridximges.s3.me-central-1.amazonaws.com/blackline/BLKU261_1.jpg|https://gridximges.s3.me-central-1.amazonaws.com/blackline/BLKU261_2.jpg|https://gridximges.s3.me-central-1.amazonaws.com/blackline/BLKU261_3.jpg|https://gridximges.s3.me-central-1.amazonaws.com/blackline/BLKU261_4.jpg|https://gridximges.s3.me-central-1.amazonaws.com/blackline/BLKU261_5.jpg|https://gridximges.s3.me-central-1.amazonaws.com/blackline/BLKU261_6.jpg|https://gridximges.s3.me-central-1.amazonaws.com/blackline/BLKU261_7.jpg|https://gridximges.s3.me-central-1.amazonaws.com/blackline/BLKU261_8.jpg|https://gridximges.s3.me-central-1.amazonaws.com/blackline/BLKU261_9.jpg|https://gridximges.s3.me-central-1.amazonaws.com/blackline/BLKU261_10.jpg|https://gridximges.s3.me-central-1.amazonaws.com/blackline/BLKU261_11.jpg|https://gridximges.s3.me-central-1.amazonaws.com/blackline/BLKU261_12.jpg|https://gridximges.s3.me-central-1.amazonaws.com/blackline/BLKU261_13.jpg|https://gridximges.s3.me-central-1.amazonaws.com/blackline/BLKU261_14.jpg|https://gridximges.s3.me-central-1.amazonaws.com/blackline/BLKU261_15.jpg|https://gridximges.s3.me-central-1.amazonaws.com/blackline/BLKU261_16.jpg|https://gridximges.s3.me-central-1.amazonaws.com/blackline/BLKU261_17.jpg|https://gridximges.s3.me-central-1.amazonaws.com/blackline/BLKU261_18.jpg|https://gridximges.s3.me-central-1.amazonaws.com/blackline/BLKU261_19.jpg
BLKU264,https://gridximges.s3.me-central-1.amazonaws.com/blackline/BLKU264_1.jpg|https://gridximges.s3.me-central-1.amazonaws.com/blackline/BLKU264_2.jpg|https://gridximges.s3.me-central-1.amazonaws.com/blackline/BLKU264_3.jpg|https://gridximges.s3.me-central-1.amazonaws.com/blackline/BLKU264_4.jpg|https://gridximges.s3.me-central-1.amazonaws.com/blackline/BLKU264_5.jpg|https://gridximges.s3.me-central-1.amazonaws.com/blackline/BLKU264_6.jpg|https://gridximges.s3.me-central-1.amazonaws.com/blackline/BLKU264_7.jpg|https://gridximges.s3.me-central-1.amazonaws.com/blackline/BLKU264_8.jpg|https://gridximges.s3.me-central-1.amazonaws.com/blackline/BLKU264_9.jpg|https://gridximges.s3.me-central-1.amazonaws.com/blackline/BLKU264_10.jpg|https://gridximges.s3.me-central-1.amazonaws.com/blackline/BLKU264_11.jpg|https://gridximges.s3.me-central-1.amazonaws.com/blackline/BLKU264_12.jpg|https://gridximges.s3.me-central-1.amazonaws.com/blackline/BLKU264_13.jpg|https://gridximges.s3.me-central-1.amazonaws.com/blackline/BLKU264_14.jpg|https://gridximges.s3.me-central-1.amazonaws.com/blackline/BLKU264_15.jpg|https://gridximges.s3.me-central-1.amazonaws.com/blackline/BLKU264_16.jpg|https://gridximges.s3.me-central-1.amazonaws.com/blackline/BLKU264_17.jpg|https://gridximges.s3.me-central-1.amazonaws.com/blackline/BLKU264_18.jpg|https://gridximges.s3.me-central-1.amazonaws.com/blackline/BLKU264_19.jpg
BLKU284,https://gridximges.s3.me-central-1.amazonaws.com/blackline/BLKU284_1.jpg|https://gridximges.s3.me-central-1.amazonaws.com/blackline/BLKU284_2.jpg|https://gridximges.s3.me-central-1.amazonaws.com/blackline/BLKU284_3.jpg|https://gridximges.s3.me-central-1.amazonaws.com/blackline/BLKU284_4.jpg|https://gridximges.s3.me-central-1.amazonaws.com/blackline/BLKU284_5.jpg|https://gridximges.s3.me-central-1.amazonaws.com/blackline/BLKU284_6.jpg|https://gridximges.s3.me-central-1.amazonaws.com/blackline/BLKU284_7.jpg|https://gridximges.s3.me-central-1.amazonaws.com/blackline/BLKU284_8.jpg|https://gridximges.s3.me-central-1.amazonaws.com/blackline/BLKU284_9.jpg|https://gridximges.s3.me-central-1.amazonaws.com/blackline/BLKU284_10.jpg|https://gridximges.s3.me-central-1.amazonaws.com/blackline/BLKU284_11.jpg|https://gridximges.s3.me-central-1.amazonaws.com/blackline/BLKU284_12.jpg|https://gridximges.s3.me-central-1.amazonaws.com/blackline/BLKU284_13.jpg
BLKU297,https://gridximges.s3.me-central-1.amazonaws.com/blackline/BLKU297_1.jpg|https://gridximges.s3.me-central-1.amazonaws.com/blackline/BLKU297_2.jpg|https://gridximges.s3.me-central-1.amazonaws.com/blackline/BLKU297_3.jpg|https://gridximges.s3.me-central-1.amazonaws.com/blackline/BLKU297_4.jpg|https://gridximges.s3.me-central-1.amazonaws.com/blackline/BLKU297_5.jpg|https://gridximges.s3.me-central-1.amazonaws.com/blackline/BLKU297_6.jpg|https://gridximges.s3.me-central-1.amazonaws.com/blackline/BLKU297_7.jpg|https://gridximges.s3.me-central-1.amazonaws.com/blackline/BLKU297_8.jpg|https://gridximges.s3.me-central-1.amazonaws.com/blackline/BLKU297_9.jpg|https://gridximges.s3.me-central-1.amazonaws.com/blackline/BLKU297_10.jpg|https://gridximges.s3.me-central-1.amazonaws.com/blackline/BLKU297_11.jpg|https://gridximges.s3.me-central-1.amazonaws.com/blackline/BLKU297_12.jpg|https://gridximges.s3.me-central-1.amazonaws.com/blackline/BLKU297_13.jpg|https://gridximges.s3.me-central-1.amazonaws.com/blackline/BLKU297_14.jpg|https://gridximges.s3.me-central-1.amazonaws.com/blackline/BLKU297_15.jpg|https://gridximges.s3.me-central-1.amazonaws.com/blackline/BLKU297_16.jpg|https://gridximges.s3.me-central-1.amazonaws.com/blackline/BLKU297_17.jpg|https://gridximges.s3.me-central-1.amazonaws.com/blackline/BLKU297_18.jpg|https://gridximges.s3.me-central-1.amazonaws.com/blackline/BLKU297_19.jpg|https://gridximges.s3.me-central-1.amazonaws.com/blackline/BLKU297_20.jpg
BLKU298,https://gridximges.s3.me-central-1.amazonaws.com/blackline/BLKU298_1.jpg|https://gridximges.s3.me-central-1.amazonaws.com/blackline/BLKU298_2.jpg|https://gridximges.s3.me-central-1.amazonaws.com/blackline/BLKU298_3.jpg|https://gridximges.s3.me-central-1.amazonaws.com/blackline/BLKU298_4.jpg|https://gridximges.s3.me-central-1.amazonaws.com/blackline/BLKU298_5.jpg|https://gridximges.s3.me-central-1.amazonaws.com/blackline/BLKU298_6.jpg|https://gridximges.s3.me-central-1.amazonaws.com/blackline/BLKU298_7.jpg|https://gridximges.s3.me-central-1.amazonaws.com/blackline/BLKU298_8.jpg|https://gridximges.s3.me-central-1.amazonaws.com/blackline/BLKU298_10.jpg|https://gridximges.s3.me-central-1.amazonaws.com/blackline/BLKU298_9.jpg|https://gridximges.s3.me-central-1.amazonaws.com/blackline/BLKU298_11.jpg|https://gridximges.s3.me-central-1.amazonaws.com/blackline/BLKU298_12.jpg|https://gridximges.s3.me-central-1.amazonaws.com/blackline/BLKU298_13.jpg|https://gridximges.s3.me-central-1.amazonaws.com/blackline/BLKU298_14.jpg|https://gridximges.s3.me-central-1.amazonaws.com/blackline/BLKU298_15.jpg
BLKU305,https://gridximges.s3.me-central-1.amazonaws.com/blackline/BLKU305_1.jpg|https://gridximges.s3.me-central-1.amazonaws.com/blackline/BLKU305_2.jpg|https://gridximges.s3.me-central-1.amazonaws.com/blackline/BLKU305_3.jpg|https://gridximges.s3.me-central-1.amazonaws.com/blackline/BLKU305_4.jpg|https://gridximges.s3.me-central-1.amazonaws.com/blackline/BLKU305_5.jpg|https://gridximges.s3.me-central-1.amazonaws.com/blackline/BLKU305_6.jpg|https://gridximges.s3.me-central-1.amazonaws.com/blackline/BLKU305_7.jpg|https://gridximges.s3.me-central-1.amazonaws.com/blackline/BLKU305_9.jpg|https://gridximges.s3.me-central-1.amazonaws.com/blackline/BLKU305_10.jpg|https://gridximges.s3.me-central-1.amazonaws.com/blackline/BLKU305_11.jpg|https://gridximges.s3.me-central-1.amazonaws.com/blackline/BLKU305_12.jpg|https://gridximges.s3.me-central-1.amazonaws.com/blackline/BLKU305_13.jpg|https://gridximges.s3.me-central-1.amazonaws.com/blackline/BLKU305_14.jpg|https://gridximges.s3.me-central-1.amazonaws.com/blackline/BLKU305_15.jpg|https://gridximges.s3.me-central-1.amazonaws.com/blackline/BLKU305_16.jpg|https://gridximges.s3.me-central-1.amazonaws.com/blackline/BLKU305_8.jpg|https://gridximges.s3.me-central-1.amazonaws.com/blackline/BLKU305_17.jpg|https://gridximges.s3.me-central-1.amazonaws.com/blackline/BLKU305_18.jpg|https://gridximges.s3.me-central-1.amazonaws.com/blackline/BLKU305_19.jpg
BLKU308,https://gridximges.s3.me-central-1.amazonaws.com/blackline/BLKU308_1.jpg|https://gridximges.s3.me-central-1.amazonaws.com/blackline/BLKU308_2.jpg|https://gridximges.s3.me-central-1.amazonaws.com/blackline/BLKU308_3.jpg|https://gridximges.s3.me-central-1.amazonaws.com/blackline/BLKU308_4.jpg|https://gridximges.s3.me-central-1.amazonaws.com/blackline/BLKU308_5.jpg|https://gridximges.s3.me-central-1.amazonaws.com/blackline/BLKU308_6.jpg|https://gridximges.s3.me-central-1.amazonaws.com/blackline/BLKU308_7.jpg|https://gridximges.s3.me-central-1.amazonaws.com/blackline/BLKU308_8.jpg|https://gridximges.s3.me-central-1.amazonaws.com/blackline/BLKU308_9.jpg|https://gridximges.s3.me-central-1.amazonaws.com/blackline/BLKU308_10.jpg|https://gridximges.s3.me-central-1.amazonaws.com/blackline/BLKU308_11.jpg|https://gridximges.s3.me-central-1.amazonaws.com/blackline/BLKU308_12.jpg|https://gridximges.s3.me-central-1.amazonaws.com/blackline/BLKU308_13.jpg|https://gridximges.s3.me-central-1.amazonaws.com/blackline/BLKU308_14.jpg|https://gridximges.s3.me-central-1.amazonaws.com/blackline/BLKU308_15.jpg
BLKU319,https://gridximges.s3.me-central-1.amazonaws.com/blackline/BLKU319_1.jpg|https://gridximges.s3.me-central-1.amazonaws.com/blackline/BLKU319_2.jpg|https://gridximges.s3.me-central-1.amazonaws.com/blackline/BLKU319_3.jpg|https://gridximges.s3.me-central-1.amazonaws.com/blackline/BLKU319_4.jpg|https://gridximges.s3.me-central-1.amazonaws.com/blackline/BLKU319_5.jpg|https://gridximges.s3.me-central-1.amazonaws.com/blackline/BLKU319_6.jpg|https://gridximges.s3.me-central-1.amazonaws.com/blackline/BLKU319_8.jpg|https://gridximges.s3.me-central-1.amazonaws.com/blackline/BLKU319_7.jpg|https://gridximges.s3.me-central-1.amazonaws.com/blackline/BLKU319_9.jpg|https://gridximges.s3.me-central-1.amazonaws.com/blackline/BLKU319_11.jpg|https://gridximges.s3.me-central-1.amazonaws.com/blackline/BLKU319_12.jpg|https://gridximges.s3.me-central-1.amazonaws.com/blackline/BLKU319_13.jpg|https://gridximges.s3.me-central-1.amazonaws.com/blackline/BLKU319_14.jpg|https://gridximges.s3.me-central-1.amazonaws.com/blackline/BLKU319_15.jpg|https://gridximges.s3.me-central-1.amazonaws.com/blackline/BLKU319_16.jpg|https://gridximges.s3.me-central-1.amazonaws.com/blackline/BLKU319_17.jpg|https://gridximges.s3.me-central-1.amazonaws.com/blackline/BLKU319_18.jpg|https://gridximges.s3.me-central-1.amazonaws.com/blackline/BLKU319_10.jpg|https://gridximges.s3.me-central-1.amazonaws.com/blackline/BLKU319_19.jpg|https://gridximges.s3.me-central-1.amazonaws.com/blackline/BLKU319_20.jpg
BLKU320,https://gridximges.s3.me-central-1.amazonaws.com/blackline/BLKU320_1.jpg|https://gridximges.s3.me-central-1.amazonaws.com/blackline/BLKU320_2.jpg|https://gridximges.s3.me-central-1.amazonaws.com/blackline/BLKU320_3.jpg|https://gridximges.s3.me-central-1.amazonaws.com/blackline/BLKU320_4.jpg|https://gridximges.s3.me-central-1.amazonaws.com/blackline/BLKU320_5.jpg|https://gridximges.s3.me-central-1.amazonaws.com/blackline/BLKU320_6.jpg|https://gridximges.s3.me-central-1.amazonaws.com/blackline/BLKU320_7.jpg|https://gridximges.s3.me-central-1.amazonaws.com/blackline/BLKU320_8.jpg|https://gridximges.s3.me-central-1.amazonaws.com/blackline/BLKU320_9.jpg|https://gridximges.s3.me-central-1.amazonaws.com/blackline/BLKU320_10.jpg|https://gridximges.s3.me-central-1.amazonaws.com/blackline/BLKU320_11.jpg|https://gridximges.s3.me-central-1.amazonaws.com/blackline/BLKU320_13.jpg|https://gridximges.s3.me-central-1.amazonaws.com/blackline/BLKU320_14.jpg|https://gridximges.s3.me-central-1.amazonaws.com/blackline/BLKU320_12.jpg|https://gridximges.s3.me-central-1.amazonaws.com/blackline/BLKU320_15.jpg|https://gridximges.s3.me-central-1.amazonaws.com/blackline/BLKU320_16.jpg|https://gridximges.s3.me-central-1.amazonaws.com/blackline/BLKU320_17.jpg|https://gridximges.s3.me-central-1.amazonaws.com/blackline/BLKU320_18.jpg
BLKU326,https://gridximges.s3.me-central-1.amazonaws.com/blackline/BLKU326_1.jpg|https://gridximges.s3.me-central-1.amazonaws.com/blackline/BLKU326_2.jpg|https://gridximges.s3.me-central-1.amazonaws.com/blackline/BLKU326_3.jpg|https://gridximges.s3.me-central-1.amazonaws.com/blackline/BLKU326_4.jpg|https://gridximges.s3.me-central-1.amazonaws.com/blackline/BLKU326_5.jpg|https://gridximges.s3.me-central-1.amazonaws.com/blackline/BLKU326_6.jpg|https://gridximges.s3.me-central-1.amazonaws.com/blackline/BLKU326_7.jpg|https://gridximges.s3.me-central-1.amazonaws.com/blackline/BLKU326_9.jpg|https://gridximges.s3.me-central-1.amazonaws.com/blackline/BLKU326_10.jpg|https://gridximges.s3.me-central-1.amazonaws.com/blackline/BLKU326_8.jpg|https://gridximges.s3.me-central-1.amazonaws.com/blackline/BLKU326_11.jpg|https://gridximges.s3.me-central-1.amazonaws.com/blackline/BLKU326_12.jpg|https://gridximges.s3.me-central-1.amazonaws.com/blackline/BLKU326_13.jpg
BLKU332,https://gridximges.s3.me-central-1.amazonaws.com/blackline/BLKU332_1.jpg|https://gridximges.s3.me-central-1.amazonaws.com/blackline/BLKU332_2.jpg|https://gridximges.s3.me-central-1.amazonaws.com/blackline/BLKU332_3.jpg|https://gridximges.s3.me-central-1.amazonaws.com/blackline/BLKU332_5.jpg|https://gridximges.s3.me-central-1.amazonaws.com/blackline/BLKU332_6.jpg|https://gridximges.s3.me-central-1.amazonaws.com/blackline/BLKU332_4.jpg|https://gridximges.s3.me-central-1.amazonaws.com/blackline/BLKU332_7.jpg|https://gridximges.s3.me-central-1.amazonaws.com/blackline/BLKU332_8.jpg|https://gridximges.s3.me-central-1.amazonaws.com/blackline/BLKU332_9.jpg|https://gridximges.s3.me-central-1.amazonaws.com/blackline/BLKU332_10.jpg|https://gridximges.s3.me-central-1.amazonaws.com/blackline/BLKU332_11.jpg|https://gridximges.s3.me-central-1.amazonaws.com/blackline/BLKU332_12.jpg|https://gridximges.s3.me-central-1.amazonaws.com/blackline/BLKU332_14.jpg|https://gridximges.s3.me-central-1.amazonaws.com/blackline/BLKU332_13.jpg
BLKU335,https://gridximges.s3.me-central-1.amazonaws.com/blackline/BLKU335_1.jpg|https://gridximges.s3.me-central-1.amazonaws.com/blackline/BLKU335_3.jpg|https://gridximges.s3.me-central-1.amazonaws.com/blackline/BLKU335_2.jpg|https://gridximges.s3.me-central-1.amazonaws.com/blackline/BLKU335_4.jpg|https://gridximges.s3.me-central-1.amazonaws.com/blackline/BLKU335_5.jpg|https://gridximges.s3.me-central-1.amazonaws.com/blackline/BLKU335_6.jpg|https://gridximges.s3.me-central-1.amazonaws.com/blackline/BLKU335_7.jpg|https://gridximges.s3.me-central-1.amazonaws.com/blackline/BLKU335_8.jpg|https://gridximges.s3.me-central-1.amazonaws.com/blackline/BLKU335_9.jpg|https://gridximges.s3.me-central-1.amazonaws.com/blackline/BLKU335_10.jpg|https://gridximges.s3.me-central-1.amazonaws.com/blackline/BLKU335_11.jpg|https://gridximges.s3.me-central-1.amazonaws.com/blackline/BLKU335_12.jpg|https://gridximges.s3.me-central-1.amazonaws.com/blackline/BLKU335_13.jpg|https://gridximges.s3.me-central-1.amazonaws.com/blackline/BLKU335_14.jpg|https://gridximges.s3.me-central-1.amazonaws.com/blackline/BLKU335_15.jpg|https://gridximges.s3.me-central-1.amazonaws.com/blackline/BLKU335_16.jpg|https://gridximges.s3.me-central-1.amazonaws.com/blackline/BLKU335_17.jpg|https://gridximges.s3.me-central-1.amazonaws.com/blackline/BLKU335_18.jpg|https://gridximges.s3.me-central-1.amazonaws.com/blackline/BLKU335_19.jpg|https://gridximges.s3.me-central-1.amazonaws.com/blackline/BLKU335_20.jpg|https://gridximges.s3.me-central-1.amazonaws.com/blackline/BLKU335_21.jpg
BLKU338,https://gridximges.s3.me-central-1.amazonaws.com/blackline/BLKU338_1.jpg|https://gridximges.s3.me-central-1.amazonaws.com/blackline/BLKU338_2.jpg|https://gridximges.s3.me-central-1.amazonaws.com/blackline/BLKU338_3.jpg|https://gridximges.s3.me-central-1.amazonaws.com/blackline/BLKU338_4.jpg|https://gridximges.s3.me-central-1.amazonaws.com/blackline/BLKU338_5.jpg|https://gridximges.s3.me-central-1.amazonaws.com/blackline/BLKU338_6.jpg|https://gridximges.s3.me-central-1.amazonaws.com/blackline/BLKU338_7.jpg|https://gridximges.s3.me-central-1.amazonaws.com/blackline/BLKU338_8.jpg|https://gridximges.s3.me-central-1.amazonaws.com/blackline/BLKU338_9.jpg|https://gridximges.s3.me-central-1.amazonaws.com/blackline/BLKU338_10.jpg|https://gridximges.s3.me-central-1.amazonaws.com/blackline/BLKU338_11.jpg|https://gridximges.s3.me-central-1.amazonaws.com/blackline/BLKU338_12.jpg|https://gridximges.s3.me-central-1.amazonaws.com/blackline/BLKU338_13.jpg|https://gridximges.s3.me-central-1.amazonaws.com/blackline/BLKU338_14.jpg|https://gridximges.s3.me-central-1.amazonaws.com/blackline/BLKU338_15.jpg|https://gridximges.s3.me-central-1.amazonaws.com/blackline/BLKU338_16.jpg
BLKU341,https://gridximges.s3.me-central-1.amazonaws.com/blackline/BLKU341_1.jpg|https://gridximges.s3.me-central-1.amazonaws.com/blackline/BLKU341_2.jpg|https://gridximges.s3.me-central-1.amazonaws.com/blackline/BLKU341_3.jpg|https://gridximges.s3.me-central-1.amazonaws.com/blackline/BLKU341_4.jpg|https://gridximges.s3.me-central-1.amazonaws.com/blackline/BLKU341_5.jpg|https://gridximges.s3.me-central-1.amazonaws.com/blackline/BLKU341_6.jpg|https://gridximges.s3.me-central-1.amazonaws.com/blackline/BLKU341_7.jpg|https://gridximges.s3.me-central-1.amazonaws.com/blackline/BLKU341_8.jpg|https://gridximges.s3.me-central-1.amazonaws.com/blackline/BLKU341_9.jpg|https://gridximges.s3.me-central-1.amazonaws.com/blackline/BLKU341_10.jpg|https://gridximges.s3.me-central-1.amazonaws.com/blackline/BLKU341_11.jpg|https://gridximges.s3.me-central-1.amazonaws.com/blackline/BLKU341_12.jpg|https://gridximges.s3.me-central-1.amazonaws.com/blackline/BLKU341_13.jpg|https://gridximges.s3.me-central-1.amazonaws.com/blackline/BLKU341_14.jpg|https://gridximges.s3.me-central-1.amazonaws.com/blackline/BLKU341_15.jpg|https://gridximges.s3.me-central-1.amazonaws.com/blackline/BLKU341_16.jpg|https://gridximges.s3.me-central-1.amazonaws.com/blackline/BLKU341_17.jpg
BLKU342,https://gridximges.s3.me-central-1.amazonaws.com/blackline/BLKU342_1.jpg|https://gridximges.s3.me-central-1.amazonaws.com/blackline/BLKU342_2.jpg|https://gridximges.s3.me-central-1.amazonaws.com/blackline/BLKU342_3.jpg|https://gridximges.s3.me-central-1.amazonaws.com/blackline/BLKU342_4.jpg|https://gridximges.s3.me-central-1.amazonaws.com/blackline/BLKU342_5.jpg|https://gridximges.s3.me-central-1.amazonaws.com/blackline/BLKU342_6.jpg|https://gridximges.s3.me-central-1.amazonaws.com/blackline/BLKU342_7.jpg|https://gridximges.s3.me-central-1.amazonaws.com/blackline/BLKU342_8.jpg|https://gridximges.s3.me-central-1.amazonaws.com/blackline/BLKU342_9.jpg|https://gridximges.s3.me-central-1.amazonaws.com/blackline/BLKU342_10.jpg|https://gridximges.s3.me-central-1.amazonaws.com/blackline/BLKU342_11.jpg|https://gridximges.s3.me-central-1.amazonaws.com/blackline/BLKU342_12.jpg|https://gridximges.s3.me-central-1.amazonaws.com/blackline/BLKU342_13.jpg|https://gridximges.s3.me-central-1.amazonaws.com/blackline/BLKU342_14.jpg|https://gridximges.s3.me-central-1.amazonaws.com/blackline/BLKU342_15.jpg
BLKU344,https://gridximges.s3.me-central-1.amazonaws.com/blackline/BLKU344_1.jpg|https://gridximges.s3.me-central-1.amazonaws.com/blackline/BLKU344_2.jpg|https://gridximges.s3.me-central-1.amazonaws.com/blackline/BLKU344_3.jpg|https://gridximges.s3.me-central-1.amazonaws.com/blackline/BLKU344_4.jpg|https://gridximges.s3.me-central-1.amazonaws.com/blackline/BLKU344_5.jpg|https://gridximges.s3.me-central-1.amazonaws.com/blackline/BLKU344_6.jpg|https://gridximges.s3.me-central-1.amazonaws.com/blackline/BLKU344_7.jpg|https://gridximges.s3.me-central-1.amazonaws.com/blackline/BLKU344_8.jpg|https://gridximges.s3.me-central-1.amazonaws.com/blackline/BLKU344_9.jpg|https://gridximges.s3.me-central-1.amazonaws.com/blackline/BLKU344_10.jpg|https://gridximges.s3.me-central-1.amazonaws.com/blackline/BLKU344_11.jpg|https://gridximges.s3.me-central-1.amazonaws.com/blackline/BLKU344_12.jpg|https://gridximges.s3.me-central-1.amazonaws.com/blackline/BLKU344_13.jpg|https://gridximges.s3.me-central-1.amazonaws.com/blackline/BLKU344_14.jpg|https://gridximges.s3.me-central-1.amazonaws.com/blackline/BLKU344_15.jpg|https://gridximges.s3.me-central-1.amazonaws.com/blackline/BLKU344_16.jpg|https://gridximges.s3.me-central-1.amazonaws.com/blackline/BLKU344_17.jpg|https://gridximges.s3.me-central-1.amazonaws.com/blackline/BLKU344_18.jpg|https://gridximges.s3.me-central-1.amazonaws.com/blackline/BLKU344_19.jpg|https://gridximges.s3.me-central-1.amazonaws.com/blackline/BLKU344_20.jpg|https://gridximges.s3.me-central-1.amazonaws.com/blackline/BLKU344_21.jpg|https://gridximges.s3.me-central-1.amazonaws.com/blackline/BLKU344_22.jpg|https://gridximges.s3.me-central-1.amazonaws.com/blackline/BLKU344_23.jpg|https://gridximges.s3.me-central-1.amazonaws.com/blackline/BLKU344_24.jpg|https://gridximges.s3.me-central-1.amazonaws.com/blackline/BLKU344_25.jpg|https://gridximges.s3.me-central-1.amazonaws.com/blackline/BLKU344_26.jpg|https://gridximges.s3.me-central-1.amazonaws.com/blackline/BLKU344_27.jpg
BLKU361,https://gridximges.s3.me-central-1.amazonaws.com/blackline/BLKU361_1.jpg|https://gridximges.s3.me-central-1.amazonaws.com/blackline/BLKU361_2.jpg|https://gridximges.s3.me-central-1.amazonaws.com/blackline/BLKU361_3.jpg|https://gridximges.s3.me-central-1.amazonaws.com/blackline/BLKU361_4.jpg|https://gridximges.s3.me-central-1.amazonaws.com/blackline/BLKU361_5.jpg|https://gridximges.s3.me-central-1.amazonaws.com/blackline/BLKU361_6.jpg|https://gridximges.s3.me-central-1.amazonaws.com/blackline/BLKU361_7.jpg|https://gridximges.s3.me-central-1.amazonaws.com/blackline/BLKU361_8.jpg|https://gridximges.s3.me-central-1.amazonaws.com/blackline/BLKU361_9.jpg|https://gridximges.s3.me-central-1.amazonaws.com/blackline/BLKU361_10.jpg|https://gridximges.s3.me-central-1.amazonaws.com/blackline/BLKU361_11.jpg|https://gridximges.s3.me-central-1.amazonaws.com/blackline/BLKU361_12.jpg|https://gridximges.s3.me-central-1.amazonaws.com/blackline/BLKU361_13.jpg|https://gridximges.s3.me-central-1.amazonaws.com/blackline/BLKU361_15.jpg|https://gridximges.s3.me-central-1.amazonaws.com/blackline/BLKU361_14.jpg|https://gridximges.s3.me-central-1.amazonaws.com/blackline/BLKU361_16.jpg|https://gridximges.s3.me-central-1.amazonaws.com/blackline/BLKU361_17.jpg|https://gridximges.s3.me-central-1.amazonaws.com/blackline/BLKU361_18.jpg
BLKU365,https://gridximges.s3.me-central-1.amazonaws.com/blackline/BLKU365_1.jpg|https://gridximges.s3.me-central-1.amazonaws.com/blackline/BLKU365_3.jpg|https://gridximges.s3.me-central-1.amazonaws.com/blackline/BLKU365_2.jpg|https://gridximges.s3.me-central-1.amazonaws.com/blackline/BLKU365_4.jpg|https://gridximges.s3.me-central-1.amazonaws.com/blackline/BLKU365_6.jpg|https://gridximges.s3.me-central-1.amazonaws.com/blackline/BLKU365_7.jpg|https://gridximges.s3.me-central-1.amazonaws.com/blackline/BLKU365_5.jpg|https://gridximges.s3.me-central-1.amazonaws.com/blackline/BLKU365_8.jpg|https://gridximges.s3.me-central-1.amazonaws.com/blackline/BLKU365_9.jpg|https://gridximges.s3.me-central-1.amazonaws.com/blackline/BLKU365_10.jpg|https://gridximges.s3.me-central-1.amazonaws.com/blackline/BLKU365_11.jpg|https://gridximges.s3.me-central-1.amazonaws.com/blackline/BLKU365_13.jpg|https://gridximges.s3.me-central-1.amazonaws.com/blackline/BLKU365_12.jpg|https://gridximges.s3.me-central-1.amazonaws.com/blackline/BLKU365_14.jpg|https://gridximges.s3.me-central-1.amazonaws.com/blackline/BLKU365_16.jpg|https://gridximges.s3.me-central-1.amazonaws.com/blackline/BLKU365_15.jpg|https://gridximges.s3.me-central-1.amazonaws.com/blackline/BLKU365_17.jpg|https://gridximges.s3.me-central-1.amazonaws.com/blackline/BLKU365_18.jpg|https://gridximges.s3.me-central-1.amazonaws.com/blackline/BLKU365_19.jpg|https://gridximges.s3.me-central-1.amazonaws.com/blackline/BLKU365_20.jpg|https://gridximges.s3.me-central-1.amazonaws.com/blackline/BLKU365_21.jpg|https://gridximges.s3.me-central-1.amazonaws.com/blackline/BLKU365_22.jpg|https://gridximges.s3.me-central-1.amazonaws.com/blackline/BLKU365_23.jpg
BLKU374,https://gridximges.s3.me-central-1.amazonaws.com/blackline/BLKU374_1.jpg|https://gridximges.s3.me-central-1.amazonaws.com/blackline/BLKU374_2.jpg|https://gridximges.s3.me-central-1.amazonaws.com/blackline/BLKU374_3.jpg|https://gridximges.s3.me-central-1.amazonaws.com/blackline/BLKU374_4.jpg|https://gridximges.s3.me-central-1.amazonaws.com/blackline/BLKU374_5.jpg|https://gridximges.s3.me-central-1.amazonaws.com/blackline/BLKU374_6.jpg|https://gridximges.s3.me-central-1.amazonaws.com/blackline/BLKU374_7.jpg|https://gridximges.s3.me-central-1.amazonaws.com/blackline/BLKU374_8.jpg|https://gridximges.s3.me-central-1.amazonaws.com/blackline/BLKU374_9.jpg|https://gridximges.s3.me-central-1.amazonaws.com/blackline/BLKU374_10.jpg|https://gridximges.s3.me-central-1.amazonaws.com/blackline/BLKU374_11.jpg|https://gridximges.s3.me-central-1.amazonaws.com/blackline/BLKU374_12.jpg|https://gridximges.s3.me-central-1.amazonaws.com/blackline/BLKU374_13.jpg|https://gridximges.s3.me-central-1.amazonaws.com/blackline/BLKU374_14.jpg|https://gridximges.s3.me-central-1.amazonaws.com/blackline/BLKU374_15.jpg|https://gridximges.s3.me-central-1.amazonaws.com/blackline/BLKU374_16.jpg|https://gridximges.s3.me-central-1.amazonaws.com/blackline/BLKU374_17.jpg|https://gridximges.s3.me-central-1.amazonaws.com/blackline/BLKU374_18.jpg|https://gridximges.s3.me-central-1.amazonaws.com/blackline/BLKU374_19.jpg|https://gridximges.s3.me-central-1.amazonaws.com/blackline/BLKU374_20.jpg
BLKU383,https://gridximges.s3.me-central-1.amazonaws.com/blackline/BLKU383_2.jpg|https://gridximges.s3.me-central-1.amazonaws.com/blackline/BLKU383_1.jpg|https://gridximges.s3.me-central-1.amazonaws.com/blackline/BLKU383_3.jpg|https://gridximges.s3.me-central-1.amazonaws.com/blackline/BLKU383_5.jpg|https://gridximges.s3.me-central-1.amazonaws.com/blackline/BLKU383_6.jpg|https://gridximges.s3.me-central-1.amazonaws.com/blackline/BLKU383_4.jpg|https://gridximges.s3.me-central-1.amazonaws.com/blackline/BLKU383_7.jpg|https://gridximges.s3.me-central-1.amazonaws.com/blackline/BLKU383_8.jpg|https://gridximges.s3.me-central-1.amazonaws.com/blackline/BLKU383_9.jpg|https://gridximges.s3.me-central-1.amazonaws.com/blackline/BLKU383_10.jpg|https://gridximges.s3.me-central-1.amazonaws.com/blackline/BLKU383_11.jpg|https://gridximges.s3.me-central-1.amazonaws.com/blackline/BLKU383_12.jpg|https://gridximges.s3.me-central-1.amazonaws.com/blackline/BLKU383_13.jpg|https://gridximges.s3.me-central-1.amazonaws.com/blackline/BLKU383_15.jpg|https://gridximges.s3.me-central-1.amazonaws.com/blackline/BLKU383_14.jpg|https://gridximges.s3.me-central-1.amazonaws.com/blackline/BLKU383_17.jpg|https://gridximges.s3.me-central-1.amazonaws.com/blackline/BLKU383_16.jpg|https://gridximges.s3.me-central-1.amazonaws.com/blackline/BLKU383_18.jpg|https://gridximges.s3.me-central-1.amazonaws.com/blackline/BLKU383_20.jpg|https://gridximges.s3.me-central-1.amazonaws.com/blackline/BLKU383_21.jpg|https://gridximges.s3.me-central-1.amazonaws.com/blackline/BLKU383_19.jpg|https://gridximges.s3.me-central-1.amazonaws.com/blackline/BLKU383_22.jpg|https://gridximges.s3.me-central-1.amazonaws.com/blackline/BLKU383_23.jpg|https://gridximges.s3.me-central-1.amazonaws.com/blackline/BLKU383_24.jpg|https://gridximges.s3.me-central-1.amazonaws.com/blackline/BLKU383_25.jpg|https://gridximges.s3.me-central-1.amazonaws.com/blackline/BLKU383_26.jpg|https://gridximges.s3.me-central-1.amazonaws.com/blackline/BLKU383_27.jpg|https://gridximges.s3.me-central-1.amazonaws.com/blackline/BLKU383_28.jpg
BLKU385,https://gridximges.s3.me-central-1.amazonaws.com/blackline/BLKU385_1.jpg|https://gridximges.s3.me-central-1.amazonaws.com/blackline/BLKU385_2.jpg|https://gridximges.s3.me-central-1.amazonaws.com/blackline/BLKU385_3.jpg|https://gridximges.s3.me-central-1.amazonaws.com/blackline/BLKU385_4.jpg|https://gridximges.s3.me-central-1.amazonaws.com/blackline/BLKU385_5.jpg|https://gridximges.s3.me-central-1.amazonaws.com/blackline/BLKU385_6.jpg|https://gridximges.s3.me-central-1.amazonaws.com/blackline/BLKU385_7.jpg|https://gridximges.s3.me-central-1.amazonaws.com/blackline/BLKU385_8.jpg|https://gridximges.s3.me-central-1.amazonaws.com/blackline/BLKU385_9.jpg|https://gridximges.s3.me-central-1.amazonaws.com/blackline/BLKU385_10.jpg|https://gridximges.s3.me-central-1.amazonaws.com/blackline/BLKU385_11.jpg|https://gridximges.s3.me-central-1.amazonaws.com/blackline/BLKU385_12.jpg|https://gridximges.s3.me-central-1.amazonaws.com/blackline/BLKU385_13.jpg|https://gridximges.s3.me-central-1.amazonaws.com/blackline/BLKU385_14.jpg|https://gridximges.s3.me-central-1.amazonaws.com/blackline/BLKU385_15.jpg
BLKU388,https://gridximges.s3.me-central-1.amazonaws.com/blackline/BLKU388_1.jpg|https://gridximges.s3.me-central-1.amazonaws.com/blackline/BLKU388_2.jpg|https://gridximges.s3.me-central-1.amazonaws.com/blackline/BLKU388_3.jpg|https://gridximges.s3.me-central-1.amazonaws.com/blackline/BLKU388_4.jpg|https://gridximges.s3.me-central-1.amazonaws.com/blackline/BLKU388_5.jpg|https://gridximges.s3.me-central-1.amazonaws.com/blackline/BLKU388_6.jpg|https://gridximges.s3.me-central-1.amazonaws.com/blackline/BLKU388_7.jpg|https://gridximges.s3.me-central-1.amazonaws.com/blackline/BLKU388_8.jpg|https://gridximges.s3.me-central-1.amazonaws.com/blackline/BLKU388_9.jpg|https://gridximges.s3.me-central-1.amazonaws.com/blackline/BLKU388_10.jpg|https://gridximges.s3.me-central-1.amazonaws.com/blackline/BLKU388_11.jpg|https://gridximges.s3.me-central-1.amazonaws.com/blackline/BLKU388_12.jpg|https://gridximges.s3.me-central-1.amazonaws.com/blackline/BLKU388_13.jpg|https://gridximges.s3.me-central-1.amazonaws.com/blackline/BLKU388_14.jpg|https://gridximges.s3.me-central-1.amazonaws.com/blackline/BLKU388_15.jpg|https://gridximges.s3.me-central-1.amazonaws.com/blackline/BLKU388_16.jpg|https://gridximges.s3.me-central-1.amazonaws.com/blackline/BLKU388_17.jpg|https://gridximges.s3.me-central-1.amazonaws.com/blackline/BLKU388_18.jpg|https://gridximges.s3.me-central-1.amazonaws.com/blackline/BLKU388_19.jpg|https://gridximges.s3.me-central-1.amazonaws.com/blackline/BLKU388_20.jpg|https://gridximges.s3.me-central-1.amazonaws.com/blackline/BLKU388_21.jpg|https://gridximges.s3.me-central-1.amazonaws.com/blackline/BLKU388_22.jpg|https://gridximges.s3.me-central-1.amazonaws.com/blackline/BLKU388_23.jpg|https://gridximges.s3.me-central-1.amazonaws.com/blackline/BLKU388_24.jpg|https://gridximges.s3.me-central-1.amazonaws.com/blackline/BLKU388_25.jpg
BLKU393,https://gridximges.s3.me-central-1.amazonaws.com/blackline/BLKU393_1.jpg|https://gridximges.s3.me-central-1.amazonaws.com/blackline/BLKU393_2.jpg|https://gridximges.s3.me-central-1.amazonaws.com/blackline/BLKU393_3.jpg|https://gridximges.s3.me-central-1.amazonaws.com/blackline/BLKU393_4.jpg|https://gridximges.s3.me-central-1.amazonaws.com/blackline/BLKU393_5.jpg|https://gridximges.s3.me-central-1.amazonaws.com/blackline/BLKU393_6.jpg|https://gridximges.s3.me-central-1.amazonaws.com/blackline/BLKU393_7.jpg|https://gridximges.s3.me-central-1.amazonaws.com/blackline/BLKU393_8.jpg|https://gridximges.s3.me-central-1.amazonaws.com/blackline/BLKU393_9.jpg|https://gridximges.s3.me-central-1.amazonaws.com/blackline/BLKU393_10.jpg|https://gridximges.s3.me-central-1.amazonaws.com/blackline/BLKU393_11.jpg|https://gridximges.s3.me-central-1.amazonaws.com/blackline/BLKU393_12.jpg|https://gridximges.s3.me-central-1.amazonaws.com/blackline/BLKU393_13.jpg|https://gridximges.s3.me-central-1.amazonaws.com/blackline/BLKU393_14.jpg|https://gridximges.s3.me-central-1.amazonaws.com/blackline/BLKU393_15.jpg|https://gridximges.s3.me-central-1.amazonaws.com/blackline/BLKU393_16.jpg|https://gridximges.s3.me-central-1.amazonaws.com/blackline/BLKU393_17.jpg|https://gridximges.s3.me-central-1.amazonaws.com/blackline/BLKU393_18.jpg|https://gridximges.s3.me-central-1.amazonaws.com/blackline/BLKU393_19.jpg
BLKU396,https://gridximges.s3.me-central-1.amazonaws.com/blackline/BLKU396_1.jpg|https://gridximges.s3.me-central-1.amazonaws.com/blackline/BLKU396_2.jpg|https://gridximges.s3.me-central-1.amazonaws.com/blackline/BLKU396_3.jpg|https://gridximges.s3.me-central-1.amazonaws.com/blackline/BLKU396_4.jpg|https://gridximges.s3.me-central-1.amazonaws.com/blackline/BLKU396_5.jpg|https://gridximges.s3.me-central-1.amazonaws.com/blackline/BLKU396_6.jpg|https://gridximges.s3.me-central-1.amazonaws.com/blackline/BLKU396_8.jpg|https://gridximges.s3.me-central-1.amazonaws.com/blackline/BLKU396_9.jpg|https://gridximges.s3.me-central-1.amazonaws.com/blackline/BLKU396_10.jpg|https://gridximges.s3.me-central-1.amazonaws.com/blackline/BLKU396_7.jpg|https://gridximges.s3.me-central-1.amazonaws.com/blackline/BLKU396_11.jpg
BLKU397,https://gridximges.s3.me-central-1.amazonaws.com/blackline/BLKU397_1.jpg|https://gridximges.s3.me-central-1.amazonaws.com/blackline/BLKU397_2.jpg|https://gridximges.s3.me-central-1.amazonaws.com/blackline/BLKU397_3.jpg|https://gridximges.s3.me-central-1.amazonaws.com/blackline/BLKU397_4.jpg|https://gridximges.s3.me-central-1.amazonaws.com/blackline/BLKU397_5.jpg|https://gridximges.s3.me-central-1.amazonaws.com/blackline/BLKU397_6.jpg|https://gridximges.s3.me-central-1.amazonaws.com/blackline/BLKU397_7.jpg|https://gridximges.s3.me-central-1.amazonaws.com/blackline/BLKU397_8.jpg|https://gridximges.s3.me-central-1.amazonaws.com/blackline/BLKU397_9.jpg|https://gridximges.s3.me-central-1.amazonaws.com/blackline/BLKU397_10.jpg|https://gridximges.s3.me-central-1.amazonaws.com/blackline/BLKU397_11.jpg|https://gridximges.s3.me-central-1.amazonaws.com/blackline/BLKU397_12.jpg|https://gridximges.s3.me-central-1.amazonaws.com/blackline/BLKU397_13.jpg|https://gridximges.s3.me-central-1.amazonaws.com/blackline/BLKU397_14.jpg|https://gridximges.s3.me-central-1.amazonaws.com/blackline/BLKU397_15.jpg|https://gridximges.s3.me-central-1.amazonaws.com/blackline/BLKU397_16.jpg|https://gridximges.s3.me-central-1.amazonaws.com/blackline/BLKU397_17.jpg|https://gridximges.s3.me-central-1.amazonaws.com/blackline/BLKU397_18.jpg|https://gridximges.s3.me-central-1.amazonaws.com/blackline/BLKU397_19.jpg|https://gridximges.s3.me-central-1.amazonaws.com/blackline/BLKU397_20.jpg|https://gridximges.s3.me-central-1.amazonaws.com/blackline/BLKU397_21.jpg
BLKU398,https://gridximges.s3.me-central-1.amazonaws.com/blackline/BLKU398_1.jpg|https://gridximges.s3.me-central-1.amazonaws.com/blackline/BLKU398_2.jpg|https://gridximges.s3.me-central-1.amazonaws.com/blackline/BLKU398_3.jpg|https://gridximges.s3.me-central-1.amazonaws.com/blackline/BLKU398_4.jpg|https://gridximges.s3.me-central-1.amazonaws.com/blackline/BLKU398_5.jpg|https://gridximges.s3.me-central-1.amazonaws.com/blackline/BLKU398_6.jpg|https://gridximges.s3.me-central-1.amazonaws.com/blackline/BLKU398_7.jpg|https://gridximges.s3.me-central-1.amazonaws.com/blackline/BLKU398_8.jpg|https://gridximges.s3.me-central-1.amazonaws.com/blackline/BLKU398_9.jpg|https://gridximges.s3.me-central-1.amazonaws.com/blackline/BLKU398_10.jpg|https://gridximges.s3.me-central-1.amazonaws.com/blackline/BLKU398_11.jpg|https://gridximges.s3.me-central-1.amazonaws.com/blackline/BLKU398_12.jpg|https://gridximges.s3.me-central-1.amazonaws.com/blackline/BLKU398_13.jpg|https://gridximges.s3.me-central-1.amazonaws.com/blackline/BLKU398_14.jpg|https://gridximges.s3.me-central-1.amazonaws.com/blackline/BLKU398_15.jpg|https://gridximges.s3.me-central-1.amazonaws.com/blackline/BLKU398_16.jpg|https://gridximges.s3.me-central-1.amazonaws.com/blackline/BLKU398_17.jpg|https://gridximges.s3.me-central-1.amazonaws.com/blackline/BLKU398_18.jpg|https://gridximges.s3.me-central-1.amazonaws.com/blackline/BLKU398_19.jpg|https://gridximges.s3.me-central-1.amazonaws.com/blackline/BLKU398_20.jpg|https://gridximges.s3.me-central-1.amazonaws.com/blackline/BLKU398_21.jpg|https://gridximges.s3.me-central-1.amazonaws.com/blackline/BLKU398_22.jpg|https://gridximges.s3.me-central-1.amazonaws.com/blackline/BLKU398_23.jpg|https://gridximges.s3.me-central-1.amazonaws.com/blackline/BLKU398_24.jpg|https://gridximges.s3.me-central-1.amazonaws.com/blackline/BLKU398_25.jpg
BLKU400,https://gridximges.s3.me-central-1.amazonaws.com/blackline/BLKU400_1.jpg|https://gridximges.s3.me-central-1.amazonaws.com/blackline/BLKU400_2.jpg|https://gridximges.s3.me-central-1.amazonaws.com/blackline/BLKU400_3.jpg|https://gridximges.s3.me-central-1.amazonaws.com/blackline/BLKU400_4.jpg|https://gridximges.s3.me-central-1.amazonaws.com/blackline/BLKU400_6.jpg|https://gridximges.s3.me-central-1.amazonaws.com/blackline/BLKU400_5.jpg|https://gridximges.s3.me-central-1.amazonaws.com/blackline/BLKU400_7.jpg|https://gridximges.s3.me-central-1.amazonaws.com/blackline/BLKU400_8.jpg|https://gridximges.s3.me-central-1.amazonaws.com/blackline/BLKU400_9.jpg|https://gridximges.s3.me-central-1.amazonaws.com/blackline/BLKU400_10.jpg|https://gridximges.s3.me-central-1.amazonaws.com/blackline/BLKU400_11.jpg|https://gridximges.s3.me-central-1.amazonaws.com/blackline/BLKU400_12.jpg|https://gridximges.s3.me-central-1.amazonaws.com/blackline/BLKU400_13.jpg|https://gridximges.s3.me-central-1.amazonaws.com/blackline/BLKU400_14.jpg|https://gridximges.s3.me-central-1.amazonaws.com/blackline/BLKU400_15.jpg|https://gridximges.s3.me-central-1.amazonaws.com/blackline/BLKU400_16.jpg|https://gridximges.s3.me-central-1.amazonaws.com/blackline/BLKU400_17.jpg|https://gridximges.s3.me-central-1.amazonaws.com/blackline/BLKU400_18.jpg|https://gridximges.s3.me-central-1.amazonaws.com/blackline/BLKU400_19.jpg|https://gridximges.s3.me-central-1.amazonaws.com/blackline/BLKU400_20.jpg
BLKU403,https://gridximges.s3.me-central-1.amazonaws.com/blackline/BLKU403_2.jpg|https://gridximges.s3.me-central-1.amazonaws.com/blackline/BLKU403_1.jpg|https://gridximges.s3.me-central-1.amazonaws.com/blackline/BLKU403_3.jpg|https://gridximges.s3.me-central-1.amazonaws.com/blackline/BLKU403_4.jpg|https://gridximges.s3.me-central-1.amazonaws.com/blackline/BLKU403_5.jpg|https://gridximges.s3.me-central-1.amazonaws.com/blackline/BLKU403_6.jpg|https://gridximges.s3.me-central-1.amazonaws.com/blackline/BLKU403_8.jpg|https://gridximges.s3.me-central-1.amazonaws.com/blackline/BLKU403_7.jpg|https://gridximges.s3.me-central-1.amazonaws.com/blackline/BLKU403_9.jpg|https://gridximges.s3.me-central-1.amazonaws.com/blackline/BLKU403_10.jpg|https://gridximges.s3.me-central-1.amazonaws.com/blackline/BLKU403_11.jpg|https://gridximges.s3.me-central-1.amazonaws.com/blackline/BLKU403_12.jpg|https://gridximges.s3.me-central-1.amazonaws.com/blackline/BLKU403_13.jpg|https://gridximges.s3.me-central-1.amazonaws.com/blackline/BLKU403_14.jpg
BLKU404,https://gridximges.s3.me-central-1.amazonaws.com/blackline/BLKU404_1.jpg|https://gridximges.s3.me-central-1.amazonaws.com/blackline/BLKU404_2.jpg|https://gridximges.s3.me-central-1.amazonaws.com/blackline/BLKU404_3.jpg|https://gridximges.s3.me-central-1.amazonaws.com/blackline/BLKU404_4.jpg|https://gridximges.s3.me-central-1.amazonaws.com/blackline/BLKU404_5.jpg|https://gridximges.s3.me-central-1.amazonaws.com/blackline/BLKU404_6.jpg|https://gridximges.s3.me-central-1.amazonaws.com/blackline/BLKU404_7.jpg|https://gridximges.s3.me-central-1.amazonaws.com/blackline/BLKU404_8.jpg|https://gridximges.s3.me-central-1.amazonaws.com/blackline/BLKU404_9.jpg|https://gridximges.s3.me-central-1.amazonaws.com/blackline/BLKU404_10.jpg|https://gridximges.s3.me-central-1.amazonaws.com/blackline/BLKU404_11.jpg|https://gridximges.s3.me-central-1.amazonaws.com/blackline/BLKU404_12.jpg|https://gridximges.s3.me-central-1.amazonaws.com/blackline/BLKU404_13.jpg|https://gridximges.s3.me-central-1.amazonaws.com/blackline/BLKU404_14.jpg|https://gridximges.s3.me-central-1.amazonaws.com/blackline/BLKU404_15.jpg|https://gridximges.s3.me-central-1.amazonaws.com/blackline/BLKU404_16.jpg|https://gridximges.s3.me-central-1.amazonaws.com/blackline/BLKU404_17.jpg|https://gridximges.s3.me-central-1.amazonaws.com/blackline/BLKU404_18.jpg
BLKU409,https://gridximges.s3.me-central-1.amazonaws.com/blackline/BLKU409_1.jpg|https://gridximges.s3.me-central-1.amazonaws.com/blackline/BLKU409_2.jpg|https://gridximges.s3.me-central-1.amazonaws.com/blackline/BLKU409_3.jpg|https://gridximges.s3.me-central-1.amazonaws.com/blackline/BLKU409_4.jpg|https://gridximges.s3.me-central-1.amazonaws.com/blackline/BLKU409_5.jpg|https://gridximges.s3.me-central-1.amazonaws.com/blackline/BLKU409_6.jpg|https://gridximges.s3.me-central-1.amazonaws.com/blackline/BLKU409_7.jpg|https://gridximges.s3.me-central-1.amazonaws.com/blackline/BLKU409_8.jpg|https://gridximges.s3.me-central-1.amazonaws.com/blackline/BLKU409_9.jpg|https://gridximges.s3.me-central-1.amazonaws.com/blackline/BLKU409_10.jpg|https://gridximges.s3.me-central-1.amazonaws.com/blackline/BLKU409_11.jpg|https://gridximges.s3.me-central-1.amazonaws.com/blackline/BLKU409_12.jpg|https://gridximges.s3.me-central-1.amazonaws.com/blackline/BLKU409_13.jpg|https://gridximges.s3.me-central-1.amazonaws.com/blackline/BLKU409_14.jpg|https://gridximges.s3.me-central-1.amazonaws.com/blackline/BLKU409_15.jpg|https://gridximges.s3.me-central-1.amazonaws.com/blackline/BLKU409_16.jpg|https://gridximges.s3.me-central-1.amazonaws.com/blackline/BLKU409_17.jpg|https://gridximges.s3.me-central-1.amazonaws.com/blackline/BLKU409_18.jpg|https://gridximges.s3.me-central-1.amazonaws.com/blackline/BLKU409_19.jpg|https://gridximges.s3.me-central-1.amazonaws.com/blackline/BLKU409_20.jpg|https://gridximges.s3.me-central-1.amazonaws.com/blackline/BLKU409_21.jpg|https://gridximges.s3.me-central-1.amazonaws.com/blackline/BLKU409_22.jpg|https://gridximges.s3.me-central-1.amazonaws.com/blackline/BLKU409_23.jpg|https://gridximges.s3.me-central-1.amazonaws.com/blackline/BLKU409_24.jpg|https://gridximges.s3.me-central-1.amazonaws.com/blackline/BLKU409_25.jpg|https://gridximges.s3.me-central-1.amazonaws.com/blackline/BLKU409_26.jpg
BLKU412,https://gridximges.s3.me-central-1.amazonaws.com/blackline/BLKU412_1.jpg|https://gridximges.s3.me-central-1.amazonaws.com/blackline/BLKU412_2.jpg|https://gridximges.s3.me-central-1.amazonaws.com/blackline/BLKU412_3.jpg|https://gridximges.s3.me-central-1.amazonaws.com/blackline/BLKU412_4.jpg|https://gridximges.s3.me-central-1.amazonaws.com/blackline/BLKU412_5.jpg|https://gridximges.s3.me-central-1.amazonaws.com/blackline/BLKU412_6.jpg|https://gridximges.s3.me-central-1.amazonaws.com/blackline/BLKU412_7.jpg|https://gridximges.s3.me-central-1.amazonaws.com/blackline/BLKU412_8.jpg|https://gridximges.s3.me-central-1.amazonaws.com/blackline/BLKU412_9.jpg|https://gridximges.s3.me-central-1.amazonaws.com/blackline/BLKU412_10.jpg|https://gridximges.s3.me-central-1.amazonaws.com/blackline/BLKU412_11.jpg|https://gridximges.s3.me-central-1.amazonaws.com/blackline/BLKU412_13.jpg|https://gridximges.s3.me-central-1.amazonaws.com/blackline/BLKU412_12.jpg|https://gridximges.s3.me-central-1.amazonaws.com/blackline/BLKU412_14.jpg|https://gridximges.s3.me-central-1.amazonaws.com/blackline/BLKU412_15.jpg|https://gridximges.s3.me-central-1.amazonaws.com/blackline/BLKU412_16.jpg|https://gridximges.s3.me-central-1.amazonaws.com/blackline/BLKU412_17.jpg
BLKU413,https://gridximges.s3.me-central-1.amazonaws.com/blackline/BLKU413_1.jpg|https://gridximges.s3.me-central-1.amazonaws.com/blackline/BLKU413_2.jpg|https://gridximges.s3.me-central-1.amazonaws.com/blackline/BLKU413_3.jpg|https://gridximges.s3.me-central-1.amazonaws.com/blackline/BLKU413_4.jpg|https://gridximges.s3.me-central-1.amazonaws.com/blackline/BLKU413_5.jpg|https://gridximges.s3.me-central-1.amazonaws.com/blackline/BLKU413_6.jpg|https://gridximges.s3.me-central-1.amazonaws.com/blackline/BLKU413_7.jpg|https://gridximges.s3.me-central-1.amazonaws.com/blackline/BLKU413_8.jpg|https://gridximges.s3.me-central-1.amazonaws.com/blackline/BLKU413_9.jpg|https://gridximges.s3.me-central-1.amazonaws.com/blackline/BLKU413_10.jpg|https://gridximges.s3.me-central-1.amazonaws.com/blackline/BLKU413_11.jpg|https://gridximges.s3.me-central-1.amazonaws.com/blackline/BLKU413_12.jpg
BLKU417,https://gridximges.s3.me-central-1.amazonaws.com/blackline/BLKU417_1.jpg|https://gridximges.s3.me-central-1.amazonaws.com/blackline/BLKU417_2.jpg|https://gridximges.s3.me-central-1.amazonaws.com/blackline/BLKU417_3.jpg|https://gridximges.s3.me-central-1.amazonaws.com/blackline/BLKU417_4.jpg|https://gridximges.s3.me-central-1.amazonaws.com/blackline/BLKU417_5.jpg|https://gridximges.s3.me-central-1.amazonaws.com/blackline/BLKU417_6.jpg|https://gridximges.s3.me-central-1.amazonaws.com/blackline/BLKU417_7.jpg|https://gridximges.s3.me-central-1.amazonaws.com/blackline/BLKU417_8.jpg|https://gridximges.s3.me-central-1.amazonaws.com/blackline/BLKU417_9.jpg|https://gridximges.s3.me-central-1.amazonaws.com/blackline/BLKU417_10.jpg|https://gridximges.s3.me-central-1.amazonaws.com/blackline/BLKU417_11.jpg|https://gridximges.s3.me-central-1.amazonaws.com/blackline/BLKU417_12.jpg|https://gridximges.s3.me-central-1.amazonaws.com/blackline/BLKU417_13.jpg|https://gridximges.s3.me-central-1.amazonaws.com/blackline/BLKU417_14.jpg|https://gridximges.s3.me-central-1.amazonaws.com/blackline/BLKU417_15.jpg|https://gridximges.s3.me-central-1.amazonaws.com/blackline/BLKU417_16.jpg|https://gridximges.s3.me-central-1.amazonaws.com/blackline/BLKU417_17.jpg|https://gridximges.s3.me-central-1.amazonaws.com/blackline/BLKU417_18.jpg|https://gridximges.s3.me-central-1.amazonaws.com/blackline/BLKU417_19.jpg
BLKU419,https://gridximges.s3.me-central-1.amazonaws.com/blackline/BLKU419_1.jpg|https://gridximges.s3.me-central-1.amazonaws.com/blackline/BLKU419_2.jpg|https://gridximges.s3.me-central-1.amazonaws.com/blackline/BLKU419_3.jpg|https://gridximges.s3.me-central-1.amazonaws.com/blackline/BLKU419_5.jpg|https://gridximges.s3.me-central-1.amazonaws.com/blackline/BLKU419_4.jpg|https://gridximges.s3.me-central-1.amazonaws.com/blackline/BLKU419_6.jpg|https://gridximges.s3.me-central-1.amazonaws.com/blackline/BLKU419_7.jpg|https://gridximges.s3.me-central-1.amazonaws.com/blackline/BLKU419_8.jpg|https://gridximges.s3.me-central-1.amazonaws.com/blackline/BLKU419_9.jpg|https://gridximges.s3.me-central-1.amazonaws.com/blackline/BLKU419_10.jpg|https://gridximges.s3.me-central-1.amazonaws.com/blackline/BLKU419_12.jpg|https://gridximges.s3.me-central-1.amazonaws.com/blackline/BLKU419_11.jpg|https://gridximges.s3.me-central-1.amazonaws.com/blackline/BLKU419_13.jpg|https://gridximges.s3.me-central-1.amazonaws.com/blackline/BLKU419_14.jpg|https://gridximges.s3.me-central-1.amazonaws.com/blackline/BLKU419_15.jpg|https://gridximges.s3.me-central-1.amazonaws.com/blackline/BLKU419_17.jpg|https://gridximges.s3.me-central-1.amazonaws.com/blackline/BLKU419_16.jpg|https://gridximges.s3.me-central-1.amazonaws.com/blackline/BLKU419_18.jpg
BLKU420,https://gridximges.s3.me-central-1.amazonaws.com/blackline/BLKU420_1.jpg|https://gridximges.s3.me-central-1.amazonaws.com/blackline/BLKU420_2.jpg|https://gridximges.s3.me-central-1.amazonaws.com/blackline/BLKU420_3.jpg|https://gridximges.s3.me-central-1.amazonaws.com/blackline/BLKU420_4.jpg|https://gridximges.s3.me-central-1.amazonaws.com/blackline/BLKU420_5.jpg|https://gridximges.s3.me-central-1.amazonaws.com/blackline/BLKU420_6.jpg|https://gridximges.s3.me-central-1.amazonaws.com/blackline/BLKU420_7.jpg|https://gridximges.s3.me-central-1.amazonaws.com/blackline/BLKU420_8.jpg|https://gridximges.s3.me-central-1.amazonaws.com/blackline/BLKU420_9.jpg|https://gridximges.s3.me-central-1.amazonaws.com/blackline/BLKU420_10.jpg|https://gridximges.s3.me-central-1.amazonaws.com/blackline/BLKU420_11.jpg|https://gridximges.s3.me-central-1.amazonaws.com/blackline/BLKU420_12.jpg|https://gridximges.s3.me-central-1.amazonaws.com/blackline/BLKU420_13.jpg|https://gridximges.s3.me-central-1.amazonaws.com/blackline/BLKU420_14.jpg|https://gridximges.s3.me-central-1.amazonaws.com/blackline/BLKU420_15.jpg
BLKU425,https://gridximges.s3.me-central-1.amazonaws.com/blackline/BLKU425_1.jpg|https://gridximges.s3.me-central-1.amazonaws.com/blackline/BLKU425_2.jpg|https://gridximges.s3.me-central-1.amazonaws.com/blackline/BLKU425_3.jpg|https://gridximges.s3.me-central-1.amazonaws.com/blackline/BLKU425_4.jpg|https://gridximges.s3.me-central-1.amazonaws.com/blackline/BLKU425_5.jpg|https://gridximges.s3.me-central-1.amazonaws.com/blackline/BLKU425_6.jpg|https://gridximges.s3.me-central-1.amazonaws.com/blackline/BLKU425_7.jpg|https://gridximges.s3.me-central-1.amazonaws.com/blackline/BLKU425_8.jpg|https://gridximges.s3.me-central-1.amazonaws.com/blackline/BLKU425_9.jpg|https://gridximges.s3.me-central-1.amazonaws.com/blackline/BLKU425_10.jpg|https://gridximges.s3.me-central-1.amazonaws.com/blackline/BLKU425_11.jpg|https://gridximges.s3.me-central-1.amazonaws.com/blackline/BLKU425_12.jpg|https://gridximges.s3.me-central-1.amazonaws.com/blackline/BLKU425_13.jpg|https://gridximges.s3.me-central-1.amazonaws.com/blackline/BLKU425_14.jpg|https://gridximges.s3.me-central-1.amazonaws.com/blackline/BLKU425_15.jpg|https://gridximges.s3.me-central-1.amazonaws.com/blackline/BLKU425_16.jpg|https://gridximges.s3.me-central-1.amazonaws.com/blackline/BLKU425_17.jpg|https://gridximges.s3.me-central-1.amazonaws.com/blackline/BLKU425_18.jpg|https://gridximges.s3.me-central-1.amazonaws.com/blackline/BLKU425_19.jpg
BLKU426,https://gridximges.s3.me-central-1.amazonaws.com/blackline/BLKU426_1.jpg|https://gridximges.s3.me-central-1.amazonaws.com/blackline/BLKU426_2.jpg|https://gridximges.s3.me-central-1.amazonaws.com/blackline/BLKU426_3.jpg|https://gridximges.s3.me-central-1.amazonaws.com/blackline/BLKU426_4.jpg|https://gridximges.s3.me-central-1.amazonaws.com/blackline/BLKU426_5.jpg|https://gridximges.s3.me-central-1.amazonaws.com/blackline/BLKU426_6.jpg|https://gridximges.s3.me-central-1.amazonaws.com/blackline/BLKU426_7.jpg|https://gridximges.s3.me-central-1.amazonaws.com/blackline/BLKU426_8.jpg|https://gridximges.s3.me-central-1.amazonaws.com/blackline/BLKU426_9.jpg|https://gridximges.s3.me-central-1.amazonaws.com/blackline/BLKU426_10.jpg|https://gridximges.s3.me-central-1.amazonaws.com/blackline/BLKU426_11.jpg|https://gridximges.s3.me-central-1.amazonaws.com/blackline/BLKU426_12.jpg|https://gridximges.s3.me-central-1.amazonaws.com/blackline/BLKU426_13.jpg|https://gridximges.s3.me-central-1.amazonaws.com/blackline/BLKU426_14.jpg|https://gridximges.s3.me-central-1.amazonaws.com/blackline/BLKU426_15.jpg|https://gridximges.s3.me-central-1.amazonaws.com/blackline/BLKU426_16.jpg|https://gridximges.s3.me-central-1.amazonaws.com/blackline/BLKU426_17.jpg|https://gridximges.s3.me-central-1.amazonaws.com/blackline/BLKU426_18.jpg|https://gridximges.s3.me-central-1.amazonaws.com/blackline/BLKU426_19.jpg|https://gridximges.s3.me-central-1.amazonaws.com/blackline/BLKU426_20.jpg
BLKU439,https://gridximges.s3.me-central-1.amazonaws.com/blackline/BLKU439_1.jpg|https://gridximges.s3.me-central-1.amazonaws.com/blackline/BLKU439_2.jpg|https://gridximges.s3.me-central-1.amazonaws.com/blackline/BLKU439_3.jpg|https://gridximges.s3.me-central-1.amazonaws.com/blackline/BLKU439_4.jpg|https://gridximges.s3.me-central-1.amazonaws.com/blackline/BLKU439_5.jpg|https://gridximges.s3.me-central-1.amazonaws.com/blackline/BLKU439_6.jpg|https://gridximges.s3.me-central-1.amazonaws.com/blackline/BLKU439_7.jpg|https://gridximges.s3.me-central-1.amazonaws.com/blackline/BLKU439_8.jpg|https://gridximges.s3.me-central-1.amazonaws.com/blackline/BLKU439_9.jpg|https://gridximges.s3.me-central-1.amazonaws.com/blackline/BLKU439_10.jpg|https://gridximges.s3.me-central-1.amazonaws.com/blackline/BLKU439_11.jpg|https://gridximges.s3.me-central-1.amazonaws.com/blackline/BLKU439_12.jpg|https://gridximges.s3.me-central-1.amazonaws.com/blackline/BLKU439_13.jpg
BLKU448,https://gridximges.s3.me-central-1.amazonaws.com/blackline/BLKU448_1.jpg|https://gridximges.s3.me-central-1.amazonaws.com/blackline/BLKU448_2.jpg|https://gridximges.s3.me-central-1.amazonaws.com/blackline/BLKU448_3.jpg|https://gridximges.s3.me-central-1.amazonaws.com/blackline/BLKU448_4.jpg|https://gridximges.s3.me-central-1.amazonaws.com/blackline/BLKU448_5.jpg|https://gridximges.s3.me-central-1.amazonaws.com/blackline/BLKU448_6.jpg|https://gridximges.s3.me-central-1.amazonaws.com/blackline/BLKU448_7.jpg|https://gridximges.s3.me-central-1.amazonaws.com/blackline/BLKU448_8.jpg|https://gridximges.s3.me-central-1.amazonaws.com/blackline/BLKU448_9.jpg|https://gridximges.s3.me-central-1.amazonaws.com/blackline/BLKU448_10.jpg|https://gridximges.s3.me-central-1.amazonaws.com/blackline/BLKU448_11.jpg|https://gridximges.s3.me-central-1.amazonaws.com/blackline/BLKU448_12.jpg|https://gridximges.s3.me-central-1.amazonaws.com/blackline/BLKU448_13.jpg|https://gridximges.s3.me-central-1.amazonaws.com/blackline/BLKU448_14.jpg|https://gridximges.s3.me-central-1.amazonaws.com/blackline/BLKU448_15.jpg|https://gridximges.s3.me-central-1.amazonaws.com/blackline/BLKU448_16.jpg|https://gridximges.s3.me-central-1.amazonaws.com/blackline/BLKU448_17.jpg|https://gridximges.s3.me-central-1.amazonaws.com/blackline/BLKU448_18.jpg
BLKU477,https://gridximges.s3.me-central-1.amazonaws.com/blackline/BLKU477_1.jpg|https://gridximges.s3.me-central-1.amazonaws.com/blackline/BLKU477_2.jpg|https://gridximges.s3.me-central-1.amazonaws.com/blackline/BLKU477_3.jpg|https://gridximges.s3.me-central-1.amazonaws.com/blackline/BLKU477_4.jpg|https://gridximges.s3.me-central-1.amazonaws.com/blackline/BLKU477_5.jpg|https://gridximges.s3.me-central-1.amazonaws.com/blackline/BLKU477_6.jpg|https://gridximges.s3.me-central-1.amazonaws.com/blackline/BLKU477_7.jpg|https://gridximges.s3.me-central-1.amazonaws.com/blackline/BLKU477_8.jpg|https://gridximges.s3.me-central-1.amazonaws.com/blackline/BLKU477_9.jpg|https://gridximges.s3.me-central-1.amazonaws.com/blackline/BLKU477_10.jpg|https://gridximges.s3.me-central-1.amazonaws.com/blackline/BLKU477_11.jpg|https://gridximges.s3.me-central-1.amazonaws.com/blackline/BLKU477_12.jpg|https://gridximges.s3.me-central-1.amazonaws.com/blackline/BLKU477_13.jpg|https://gridximges.s3.me-central-1.amazonaws.com/blackline/BLKU477_14.jpg|https://gridximges.s3.me-central-1.amazonaws.com/blackline/BLKU477_15.jpg|https://gridximges.s3.me-central-1.amazonaws.com/blackline/BLKU477_16.jpg|https://gridximges.s3.me-central-1.amazonaws.com/blackline/BLKU477_17.jpg|https://gridximges.s3.me-central-1.amazonaws.com/blackline/BLKU477_18.jpg
BLKU478,https://gridximges.s3.me-central-1.amazonaws.com/blackline/BLKU478_1.jpg|https://gridximges.s3.me-central-1.amazonaws.com/blackline/BLKU478_2.jpg|https://gridximges.s3.me-central-1.amazonaws.com/blackline/BLKU478_3.jpg|https://gridximges.s3.me-central-1.amazonaws.com/blackline/BLKU478_4.jpg|https://gridximges.s3.me-central-1.amazonaws.com/blackline/BLKU478_5.jpg|https://gridximges.s3.me-central-1.amazonaws.com/blackline/BLKU478_6.jpg|https://gridximges.s3.me-central-1.amazonaws.com/blackline/BLKU478_7.jpg|https://gridximges.s3.me-central-1.amazonaws.com/blackline/BLKU478_8.jpg|https://gridximges.s3.me-central-1.amazonaws.com/blackline/BLKU478_9.jpg|https://gridximges.s3.me-central-1.amazonaws.com/blackline/BLKU478_10.jpg|https://gridximges.s3.me-central-1.amazonaws.com/blackline/BLKU478_11.jpg|https://gridximges.s3.me-central-1.amazonaws.com/blackline/BLKU478_12.jpg|https://gridximges.s3.me-central-1.amazonaws.com/blackline/BLKU478_13.jpg|https://gridximges.s3.me-central-1.amazonaws.com/blackline/BLKU478_14.jpg|https://gridximges.s3.me-central-1.amazonaws.com/blackline/BLKU478_15.jpg|https://gridximges.s3.me-central-1.amazonaws.com/blackline/BLKU478_16.jpg|https://gridximges.s3.me-central-1.amazonaws.com/blackline/BLKU478_17.jpg|https://gridximges.s3.me-central-1.amazonaws.com/blackline/BLKU478_18.jpg|https://gridximges.s3.me-central-1.amazonaws.com/blackline/BLKU478_19.jpg|https://gridximges.s3.me-central-1.amazonaws.com/blackline/BLKU478_20.jpg|https://gridximges.s3.me-central-1.amazonaws.com/blackline/BLKU478_21.jpg|https://gridximges.s3.me-central-1.amazonaws.com/blackline/BLKU478_22.jpg|https://gridximges.s3.me-central-1.amazonaws.com/blackline/BLKU478_23.jpg|https://gridximges.s3.me-central-1.amazonaws.com/blackline/BLKU478_24.jpg|https://gridximges.s3.me-central-1.amazonaws.com/blackline/BLKU478_25.jpg|https://gridximges.s3.me-central-1.amazonaws.com/blackline/BLKU478_26.jpg|https://gridximges.s3.me-central-1.amazonaws.com/blackline/BLKU478_27.jpg|https://gridximges.s3.me-central-1.amazonaws.com/blackline/BLKU478_28.jpg|https://gridximges.s3.me-central-1.amazonaws.com/blackline/BLKU478_29.jpg
BLKU479,https://gridximges.s3.me-central-1.amazonaws.com/blackline/BLKU479_1.jpg|https://gridximges.s3.me-central-1.amazonaws.com/blackline/BLKU479_2.jpg|https://gridximges.s3.me-central-1.amazonaws.com/blackline/BLKU479_3.jpg|https://gridximges.s3.me-central-1.amazonaws.com/blackline/BLKU479_5.jpg|https://gridximges.s3.me-central-1.amazonaws.com/blackline/BLKU479_4.jpg|https://gridximges.s3.me-central-1.amazonaws.com/blackline/BLKU479_6.jpg|https://gridximges.s3.me-central-1.amazonaws.com/blackline/BLKU479_7.jpg|https://gridximges.s3.me-central-1.amazonaws.com/blackline/BLKU479_8.jpg|https://gridximges.s3.me-central-1.amazonaws.com/blackline/BLKU479_9.jpg|https://gridximges.s3.me-central-1.amazonaws.com/blackline/BLKU479_10.jpg|https://gridximges.s3.me-central-1.amazonaws.com/blackline/BLKU479_11.jpg|https://gridximges.s3.me-central-1.amazonaws.com/blackline/BLKU479_12.jpg|https://gridximges.s3.me-central-1.amazonaws.com/blackline/BLKU479_13.jpg|https://gridximges.s3.me-central-1.amazonaws.com/blackline/BLKU479_14.jpg|https://gridximges.s3.me-central-1.amazonaws.com/blackline/BLKU479_15.jpg|https://gridximges.s3.me-central-1.amazonaws.com/blackline/BLKU479_16.jpg|https://gridximges.s3.me-central-1.amazonaws.com/blackline/BLKU479_17.jpg|https://gridximges.s3.me-central-1.amazonaws.com/blackline/BLKU479_18.jpg|https://gridximges.s3.me-central-1.amazonaws.com/blackline/BLKU479_19.jpg|https://gridximges.s3.me-central-1.amazonaws.com/blackline/BLKU479_20.jpg
BLKU481,https://gridximges.s3.me-central-1.amazonaws.com/blackline/BLKU481_1.jpg|https://gridximges.s3.me-central-1.amazonaws.com/blackline/BLKU481_2.jpg|https://gridximges.s3.me-central-1.amazonaws.com/blackline/BLKU481_3.jpg|https://gridximges.s3.me-central-1.amazonaws.com/blackline/BLKU481_4.jpg|https://gridximges.s3.me-central-1.amazonaws.com/blackline/BLKU481_5.jpg|https://gridximges.s3.me-central-1.amazonaws.com/blackline/BLKU481_6.jpg|https://gridximges.s3.me-central-1.amazonaws.com/blackline/BLKU481_7.jpg|https://gridximges.s3.me-central-1.amazonaws.com/blackline/BLKU481_8.jpg|https://gridximges.s3.me-central-1.amazonaws.com/blackline/BLKU481_9.jpg|https://gridximges.s3.me-central-1.amazonaws.com/blackline/BLKU481_10.jpg|https://gridximges.s3.me-central-1.amazonaws.com/blackline/BLKU481_11.jpg|https://gridximges.s3.me-central-1.amazonaws.com/blackline/BLKU481_12.jpg|https://gridximges.s3.me-central-1.amazonaws.com/blackline/BLKU481_13.jpg|https://gridximges.s3.me-central-1.amazonaws.com/blackline/BLKU481_14.jpg|https://gridximges.s3.me-central-1.amazonaws.com/blackline/BLKU481_15.jpg|https://gridximges.s3.me-central-1.amazonaws.com/blackline/BLKU481_16.jpg|https://gridximges.s3.me-central-1.amazonaws.com/blackline/BLKU481_17.jpg|https://gridximges.s3.me-central-1.amazonaws.com/blackline/BLKU481_18.jpg
BLKU482,https://gridximges.s3.me-central-1.amazonaws.com/blackline/BLKU482_1.jpg|https://gridximges.s3.me-central-1.amazonaws.com/blackline/BLKU482_2.jpg|https://gridximges.s3.me-central-1.amazonaws.com/blackline/BLKU482_3.jpg|https://gridximges.s3.me-central-1.amazonaws.com/blackline/BLKU482_4.jpg|https://gridximges.s3.me-central-1.amazonaws.com/blackline/BLKU482_5.jpg|https://gridximges.s3.me-central-1.amazonaws.com/blackline/BLKU482_6.jpg|https://gridximges.s3.me-central-1.amazonaws.com/blackline/BLKU482_7.jpg|https://gridximges.s3.me-central-1.amazonaws.com/blackline/BLKU482_8.jpg|https://gridximges.s3.me-central-1.amazonaws.com/blackline/BLKU482_9.jpg|https://gridximges.s3.me-central-1.amazonaws.com/blackline/BLKU482_10.jpg|https://gridximges.s3.me-central-1.amazonaws.com/blackline/BLKU482_11.jpg|https://gridximges.s3.me-central-1.amazonaws.com/blackline/BLKU482_12.jpg|https://gridximges.s3.me-central-1.amazonaws.com/blackline/BLKU482_13.jpg|https://gridximges.s3.me-central-1.amazonaws.com/blackline/BLKU482_14.jpg|https://gridximges.s3.me-central-1.amazonaws.com/blackline/BLKU482_15.jpg|https://gridximges.s3.me-central-1.amazonaws.com/blackline/BLKU482_16.jpg|https://gridximges.s3.me-central-1.amazonaws.com/blackline/BLKU482_17.jpg|https://gridximges.s3.me-central-1.amazonaws.com/blackline/BLKU482_18.jpg|https://gridximges.s3.me-central-1.amazonaws.com/blackline/BLKU482_19.jpg|https://gridximges.s3.me-central-1.amazonaws.com/blackline/BLKU482_20.jpg|https://gridximges.s3.me-central-1.amazonaws.com/blackline/BLKU482_21.jpg|https://gridximges.s3.me-central-1.amazonaws.com/blackline/BLKU482_22.jpg|https://gridximges.s3.me-central-1.amazonaws.com/blackline/BLKU482_23.jpg|https://gridximges.s3.me-central-1.amazonaws.com/blackline/BLKU482_24.jpg|https://gridximges.s3.me-central-1.amazonaws.com/blackline/BLKU482_25.jpg|https://gridximges.s3.me-central-1.amazonaws.com/blackline/BLKU482_26.jpg|https://gridximges.s3.me-central-1.amazonaws.com/blackline/BLKU482_27.jpg
BLKU483,https://gridximges.s3.me-central-1.amazonaws.com/blackline/BLKU483_1.jpg|https://gridximges.s3.me-central-1.amazonaws.com/blackline/BLKU483_2.jpg|https://gridximges.s3.me-central-1.amazonaws.com/blackline/BLKU483_3.jpg|https://gridximges.s3.me-central-1.amazonaws.com/blackline/BLKU483_4.jpg|https://gridximges.s3.me-central-1.amazonaws.com/blackline/BLKU483_5.jpg|https://gridximges.s3.me-central-1.amazonaws.com/blackline/BLKU483_6.jpg|https://gridximges.s3.me-central-1.amazonaws.com/blackline/BLKU483_7.jpg|https://gridximges.s3.me-central-1.amazonaws.com/blackline/BLKU483_8.jpg|https://gridximges.s3.me-central-1.amazonaws.com/blackline/BLKU483_9.jpg|https://gridximges.s3.me-central-1.amazonaws.com/blackline/BLKU483_10.jpg|https://gridximges.s3.me-central-1.amazonaws.com/blackline/BLKU483_11.jpg|https://gridximges.s3.me-central-1.amazonaws.com/blackline/BLKU483_12.jpg|https://gridximges.s3.me-central-1.amazonaws.com/blackline/BLKU483_13.jpg|https://gridximges.s3.me-central-1.amazonaws.com/blackline/BLKU483_14.jpg|https://gridximges.s3.me-central-1.amazonaws.com/blackline/BLKU483_15.jpg
BLKU485,https://gridximges.s3.me-central-1.amazonaws.com/blackline/BLKU485_1.jpg|https://gridximges.s3.me-central-1.amazonaws.com/blackline/BLKU485_2.jpg|https://gridximges.s3.me-central-1.amazonaws.com/blackline/BLKU485_3.jpg|https://gridximges.s3.me-central-1.amazonaws.com/blackline/BLKU485_4.jpg|https://gridximges.s3.me-central-1.amazonaws.com/blackline/BLKU485_5.jpg|https://gridximges.s3.me-central-1.amazonaws.com/blackline/BLKU485_6.jpg|https://gridximges.s3.me-central-1.amazonaws.com/blackline/BLKU485_7.jpg|https://gridximges.s3.me-central-1.amazonaws.com/blackline/BLKU485_8.jpg|https://gridximges.s3.me-central-1.amazonaws.com/blackline/BLKU485_10.jpg|https://gridximges.s3.me-central-1.amazonaws.com/blackline/BLKU485_9.jpg|https://gridximges.s3.me-central-1.amazonaws.com/blackline/BLKU485_11.jpg|https://gridximges.s3.me-central-1.amazonaws.com/blackline/BLKU485_13.jpg|https://gridximges.s3.me-central-1.amazonaws.com/blackline/BLKU485_12.jpg|https://gridximges.s3.me-central-1.amazonaws.com/blackline/BLKU485_14.jpg
BLKU489,https://gridximges.s3.me-central-1.amazonaws.com/blackline/BLKU489_2.jpg|https://gridximges.s3.me-central-1.amazonaws.com/blackline/BLKU489_1.jpg|https://gridximges.s3.me-central-1.amazonaws.com/blackline/BLKU489_3.jpg|https://gridximges.s3.me-central-1.amazonaws.com/blackline/BLKU489_5.jpg|https://gridximges.s3.me-central-1.amazonaws.com/blackline/BLKU489_4.jpg|https://gridximges.s3.me-central-1.amazonaws.com/blackline/BLKU489_6.jpg|https://gridximges.s3.me-central-1.amazonaws.com/blackline/BLKU489_7.jpg|https://gridximges.s3.me-central-1.amazonaws.com/blackline/BLKU489_8.jpg|https://gridximges.s3.me-central-1.amazonaws.com/blackline/BLKU489_9.jpg|https://gridximges.s3.me-central-1.amazonaws.com/blackline/BLKU489_10.jpg|https://gridximges.s3.me-central-1.amazonaws.com/blackline/BLKU489_12.jpg|https://gridximges.s3.me-central-1.amazonaws.com/blackline/BLKU489_11.jpg|https://gridximges.s3.me-central-1.amazonaws.com/blackline/BLKU489_13.jpg|https://gridximges.s3.me-central-1.amazonaws.com/blackline/BLKU489_14.jpg|https://gridximges.s3.me-central-1.amazonaws.com/blackline/BLKU489_15.jpg|https://gridximges.s3.me-central-1.amazonaws.com/blackline/BLKU489_16.jpg|https://gridximges.s3.me-central-1.amazonaws.com/blackline/BLKU489_18.jpg|https://gridximges.s3.me-central-1.amazonaws.com/blackline/BLKU489_17.jpg
BLKU491,https://gridximges.s3.me-central-1.amazonaws.com/blackline/BLKU491_1.jpg|https://gridximges.s3.me-central-1.amazonaws.com/blackline/BLKU491_2.jpg|https://gridximges.s3.me-central-1.amazonaws.com/blackline/BLKU491_3.jpg|https://gridximges.s3.me-central-1.amazonaws.com/blackline/BLKU491_4.jpg|https://gridximges.s3.me-central-1.amazonaws.com/blackline/BLKU491_5.jpg|https://gridximges.s3.me-central-1.amazonaws.com/blackline/BLKU491_6.jpg|https://gridximges.s3.me-central-1.amazonaws.com/blackline/BLKU491_7.jpg|https://gridximges.s3.me-central-1.amazonaws.com/blackline/BLKU491_8.jpg|https://gridximges.s3.me-central-1.amazonaws.com/blackline/BLKU491_9.jpg|https://gridximges.s3.me-central-1.amazonaws.com/blackline/BLKU491_10.jpg|https://gridximges.s3.me-central-1.amazonaws.com/blackline/BLKU491_11.jpg|https://gridximges.s3.me-central-1.amazonaws.com/blackline/BLKU491_12.jpg|https://gridximges.s3.me-central-1.amazonaws.com/blackline/BLKU491_13.jpg|https://gridximges.s3.me-central-1.amazonaws.com/blackline/BLKU491_14.jpg|https://gridximges.s3.me-central-1.amazonaws.com/blackline/BLKU491_15.jpg|https://gridximges.s3.me-central-1.amazonaws.com/blackline/BLKU491_16.jpg|https://gridximges.s3.me-central-1.amazonaws.com/blackline/BLKU491_17.jpg|https://gridximges.s3.me-central-1.amazonaws.com/blackline/BLKU491_18.jpg|https://gridximges.s3.me-central-1.amazonaws.com/blackline/BLKU491_19.jpg|https://gridximges.s3.me-central-1.amazonaws.com/blackline/BLKU491_20.jpg|https://gridximges.s3.me-central-1.amazonaws.com/blackline/BLKU491_21.jpg
BLKU492,https://gridximges.s3.me-central-1.amazonaws.com/blackline/BLKU492_1.jpg|https://gridximges.s3.me-central-1.amazonaws.com/blackline/BLKU492_2.jpg|https://gridximges.s3.me-central-1.amazonaws.com/blackline/BLKU492_3.jpg|https://gridximges.s3.me-central-1.amazonaws.com/blackline/BLKU492_4.jpg|https://gridximges.s3.me-central-1.amazonaws.com/blackline/BLKU492_5.jpg|https://gridximges.s3.me-central-1.amazonaws.com/blackline/BLKU492_6.jpg|https://gridximges.s3.me-central-1.amazonaws.com/blackline/BLKU492_8.jpg|https://gridximges.s3.me-central-1.amazonaws.com/blackline/BLKU492_7.jpg|https://gridximges.s3.me-central-1.amazonaws.com/blackline/BLKU492_9.jpg|https://gridximges.s3.me-central-1.amazonaws.com/blackline/BLKU492_10.jpg|https://gridximges.s3.me-central-1.amazonaws.com/blackline/BLKU492_11.jpg|https://gridximges.s3.me-central-1.amazonaws.com/blackline/BLKU492_12.jpg|https://gridximges.s3.me-central-1.amazonaws.com/blackline/BLKU492_13.jpg|https://gridximges.s3.me-central-1.amazonaws.com/blackline/BLKU492_14.jpg|https://gridximges.s3.me-central-1.amazonaws.com/blackline/BLKU492_15.jpg|https://gridximges.s3.me-central-1.amazonaws.com/blackline/BLKU492_16.jpg|https://gridximges.s3.me-central-1.amazonaws.com/blackline/BLKU492_17.jpg|https://gridximges.s3.me-central-1.amazonaws.com/blackline/BLKU492_18.jpg|https://gridximges.s3.me-central-1.amazonaws.com/blackline/BLKU492_19.jpg|https://gridximges.s3.me-central-1.amazonaws.com/blackline/BLKU492_20.jpg|https://gridximges.s3.me-central-1.amazonaws.com/blackline/BLKU492_21.jpg
BLKU493,https://gridximges.s3.me-central-1.amazonaws.com/blackline/BLKU493_1.jpg|https://gridximges.s3.me-central-1.amazonaws.com/blackline/BLKU493_2.jpg|https://gridximges.s3.me-central-1.amazonaws.com/blackline/BLKU493_3.jpg|https://gridximges.s3.me-central-1.amazonaws.com/blackline/BLKU493_4.jpg|https://gridximges.s3.me-central-1.amazonaws.com/blackline/BLKU493_5.jpg|https://gridximges.s3.me-central-1.amazonaws.com/blackline/BLKU493_6.jpg|https://gridximges.s3.me-central-1.amazonaws.com/blackline/BLKU493_7.jpg|https://gridximges.s3.me-central-1.amazonaws.com/blackline/BLKU493_8.jpg|https://gridximges.s3.me-central-1.amazonaws.com/blackline/BLKU493_9.jpg|https://gridximges.s3.me-central-1.amazonaws.com/blackline/BLKU493_10.jpg|https://gridximges.s3.me-central-1.amazonaws.com/blackline/BLKU493_11.jpg|https://gridximges.s3.me-central-1.amazonaws.com/blackline/BLKU493_12.jpg|https://gridximges.s3.me-central-1.amazonaws.com/blackline/BLKU493_13.jpg|https://gridximges.s3.me-central-1.amazonaws.com/blackline/BLKU493_14.jpg|https://gridximges.s3.me-central-1.amazonaws.com/blackline/BLKU493_15.jpg|https://gridximges.s3.me-central-1.amazonaws.com/blackline/BLKU493_16.jpg|https://gridximges.s3.me-central-1.amazonaws.com/blackline/BLKU493_17.jpg|https://gridximges.s3.me-central-1.amazonaws.com/blackline/BLKU493_18.jpg|https://gridximges.s3.me-central-1.amazonaws.com/blackline/BLKU493_19.jpg|https://gridximges.s3.me-central-1.amazonaws.com/blackline/BLKU493_20.jpg|https://gridximges.s3.me-central-1.amazonaws.com/blackline/BLKU493_21.jpg
BLKU497,https://gridximges.s3.me-central-1.amazonaws.com/blackline/BLKU497_1.jpg|https://gridximges.s3.me-central-1.amazonaws.com/blackline/BLKU497_2.jpg|https://gridximges.s3.me-central-1.amazonaws.com/blackline/BLKU497_3.jpg|https://gridximges.s3.me-central-1.amazonaws.com/blackline/BLKU497_4.jpg|https://gridximges.s3.me-central-1.amazonaws.com/blackline/BLKU497_6.jpg|https://gridximges.s3.me-central-1.amazonaws.com/blackline/BLKU497_5.jpg|https://gridximges.s3.me-central-1.amazonaws.com/blackline/BLKU497_7.jpg|https://gridximges.s3.me-central-1.amazonaws.com/blackline/BLKU497_8.jpg|https://gridximges.s3.me-central-1.amazonaws.com/blackline/BLKU497_9.jpg|https://gridximges.s3.me-central-1.amazonaws.com/blackline/BLKU497_11.jpg|https://gridximges.s3.me-central-1.amazonaws.com/blackline/BLKU497_12.jpg|https://gridximges.s3.me-central-1.amazonaws.com/blackline/BLKU497_10.jpg|https://gridximges.s3.me-central-1.amazonaws.com/blackline/BLKU497_13.jpg|https://gridximges.s3.me-central-1.amazonaws.com/blackline/BLKU497_14.jpg
BLKU499,https://gridximges.s3.me-central-1.amazonaws.com/blackline/BLKU499_1.jpg|https://gridximges.s3.me-central-1.amazonaws.com/blackline/BLKU499_2.jpg|https://gridximges.s3.me-central-1.amazonaws.com/blackline/BLKU499_3.jpg|https://gridximges.s3.me-central-1.amazonaws.com/blackline/BLKU499_4.jpg|https://gridximges.s3.me-central-1.amazonaws.com/blackline/BLKU499_5.jpg|https://gridximges.s3.me-central-1.amazonaws.com/blackline/BLKU499_6.jpg|https://gridximges.s3.me-central-1.amazonaws.com/blackline/BLKU499_7.jpg|https://gridximges.s3.me-central-1.amazonaws.com/blackline/BLKU499_8.jpg|https://gridximges.s3.me-central-1.amazonaws.com/blackline/BLKU499_9.jpg|https://gridximges.s3.me-central-1.amazonaws.com/blackline/BLKU499_10.jpg|https://gridximges.s3.me-central-1.amazonaws.com/blackline/BLKU499_11.jpg|https://gridximges.s3.me-central-1.amazonaws.com/blackline/BLKU499_12.jpg|https://gridximges.s3.me-central-1.amazonaws.com/blackline/BLKU499_13.jpg|https://gridximges.s3.me-central-1.amazonaws.com/blackline/BLKU499_14.jpg|https://gridximges.s3.me-central-1.amazonaws.com/blackline/BLKU499_15.jpg|https://gridximges.s3.me-central-1.amazonaws.com/blackline/BLKU499_16.jpg|https://gridximges.s3.me-central-1.amazonaws.com/blackline/BLKU499_17.jpg|https://gridximges.s3.me-central-1.amazonaws.com/blackline/BLKU499_18.jpg|https://gridximges.s3.me-central-1.amazonaws.com/blackline/BLKU499_19.jpg|https://gridximges.s3.me-central-1.amazonaws.com/blackline/BLKU499_20.jpg|https://gridximges.s3.me-central-1.amazonaws.com/blackline/BLKU499_21.jpg|https://gridximges.s3.me-central-1.amazonaws.com/blackline/BLKU499_22.jpg|https://gridximges.s3.me-central-1.amazonaws.com/blackline/BLKU499_23.jpg|https://gridximges.s3.me-central-1.amazonaws.com/blackline/BLKU499_24.jpg|https://gridximges.s3.me-central-1.amazonaws.com/blackline/BLKU499_25.jpg
